workload,label,model_family,submission,median_seconds,self_tuning_budget_seconds,budget_fraction,target_reached,best_non_muon_submission,best_non_muon_seconds,speedup_vs_best_non_muon
criteo1tb,Criteo 1TB,DLRM,AdEMAMix (PyTorch),7839.193164110184,13372.5,0.5862174734799165,True,Schedule-Free AdamW v2 (PyTorch),7480.571330547333,0.9542527112095269
criteo1tb,Criteo 1TB,DLRM,Cautious NAdamW (JAX),inf,13372.5,inf,False,Schedule-Free AdamW v2 (PyTorch),7480.571330547333,
criteo1tb,Criteo 1TB,DLRM,Lion (PyTorch),inf,13372.5,inf,False,Schedule-Free AdamW v2 (PyTorch),7480.571330547333,
criteo1tb,Criteo 1TB,DLRM,Muon (JAX),inf,13372.5,inf,False,Schedule-Free AdamW v2 (PyTorch),7480.571330547333,
criteo1tb,Criteo 1TB,DLRM,Muon (PyTorch),7141.604691028595,13372.5,0.5340515753246285,True,Schedule-Free AdamW v2 (PyTorch),7480.571330547333,1.0474636519639002
criteo1tb,Criteo 1TB,DLRM,NAdamW (JAX),7492.6946766376495,13372.5,0.5603062012815592,True,Schedule-Free AdamW v2 (PyTorch),7480.571330547333,0.9983819778312711
criteo1tb,Criteo 1TB,DLRM,NAdamW (Baseline AlgoPerf v0.5) (JAX),8206.103132247925,13372.5,0.6136551229947972,True,Schedule-Free AdamW v2 (PyTorch),7480.571330547333,0.9115863169146102
criteo1tb,Criteo 1TB,DLRM,NAdamW (Tuned for ResNet) (JAX),inf,13372.5,inf,False,Schedule-Free AdamW v2 (PyTorch),7480.571330547333,
criteo1tb,Criteo 1TB,DLRM,Schedule-Free AdamW (PyTorch),10337.671689033508,13372.5,0.7730545289985798,True,Schedule-Free AdamW v2 (PyTorch),7480.571330547333,0.7236224515122619
criteo1tb,Criteo 1TB,DLRM,Schedule-Free AdamW (JAX),inf,13372.5,inf,False,Schedule-Free AdamW v2 (PyTorch),7480.571330547333,
criteo1tb,Criteo 1TB,DLRM,Schedule-Free AdamW v2 (JAX),8204.54053902626,13372.5,0.613538271753693,True,Schedule-Free AdamW v2 (PyTorch),7480.571330547333,0.9117599328036411
criteo1tb,Criteo 1TB,DLRM,Schedule-Free AdamW v2 (PyTorch),7480.571330547333,13372.5,0.5593996134266093,True,Schedule-Free AdamW v2 (PyTorch),7480.571330547333,1.0
criteo1tb,Criteo 1TB,DLRM,Single Worker DiLoCo (JAX),inf,13372.5,inf,False,Schedule-Free AdamW v2 (PyTorch),7480.571330547333,
criteo1tb,Criteo 1TB,DLRM,Single Worker DiLoCo v2 (JAX),inf,13372.5,inf,False,Schedule-Free AdamW v2 (PyTorch),7480.571330547333,
ogbg,OGBG,Graph neural network,AdEMAMix (PyTorch),6329.966245889664,16954.5,0.37335021651417993,True,Schedule-Free AdamW (PyTorch),3640.148542404175,0.5750660273690859
ogbg,OGBG,Graph neural network,Cautious NAdamW (JAX),4992.686820983887,16954.5,0.2944756153813965,True,Schedule-Free AdamW (PyTorch),3640.148542404175,0.7290961105561248
ogbg,OGBG,Graph neural network,Lion (PyTorch),7223.987207174301,16954.5,0.4260808167256068,True,Schedule-Free AdamW (PyTorch),3640.148542404175,0.5038974236816287
ogbg,OGBG,Graph neural network,Muon (JAX),inf,16954.5,inf,False,Schedule-Free AdamW (PyTorch),3640.148542404175,
ogbg,OGBG,Graph neural network,Muon (PyTorch),1833.473667144776,16954.5,0.10814082793032977,True,Schedule-Free AdamW (PyTorch),3640.148542404175,1.985383595976532
ogbg,OGBG,Graph neural network,NAdamW (JAX),inf,16954.5,inf,False,Schedule-Free AdamW (PyTorch),3640.148542404175,
ogbg,OGBG,Graph neural network,NAdamW (Baseline AlgoPerf v0.5) (JAX),4089.775626659393,16954.5,0.2412206568556662,True,Schedule-Free AdamW (PyTorch),3640.148542404175,0.8900606964048827
ogbg,OGBG,Graph neural network,NAdamW (Tuned for ResNet) (JAX),6349.506216049194,16954.5,0.3745027111415373,True,Schedule-Free AdamW (PyTorch),3640.148542404175,0.5732963192008901
ogbg,OGBG,Graph neural network,Schedule-Free AdamW (PyTorch),3640.148542404175,16954.5,0.21470102582819753,True,Schedule-Free AdamW (PyTorch),3640.148542404175,1.0
ogbg,OGBG,Graph neural network,Schedule-Free AdamW (JAX),5446.973826885223,16954.5,0.3212700950712332,True,Schedule-Free AdamW (PyTorch),3640.148542404175,0.668288238220844
ogbg,OGBG,Graph neural network,Schedule-Free AdamW v2 (JAX),5444.019295454025,16954.5,0.3210958326965717,True,Schedule-Free AdamW (PyTorch),3640.148542404175,0.6686509258782101
ogbg,OGBG,Graph neural network,Schedule-Free AdamW v2 (PyTorch),6325.430662155151,16954.5,0.37308270147483863,True,Schedule-Free AdamW (PyTorch),3640.148542404175,0.5754783724344757
ogbg,OGBG,Graph neural network,Single Worker DiLoCo (JAX),inf,16954.5,inf,False,Schedule-Free AdamW (PyTorch),3640.148542404175,
ogbg,OGBG,Graph neural network,Single Worker DiLoCo v2 (JAX),inf,16954.5,inf,False,Schedule-Free AdamW (PyTorch),3640.148542404175,
finewebedu_lm,FineWebEdu,Decoder Transformer,AdEMAMix (PyTorch),18025.89689064026,47950.5,0.3759271934732747,True,Schedule-Free AdamW (JAX),12875.283079862596,0.7142658785842684
finewebedu_lm,FineWebEdu,Decoder Transformer,Cautious NAdamW (JAX),25738.981688261032,47950.5,0.5367823419622534,True,Schedule-Free AdamW (JAX),12875.283079862596,0.5002250374860293
finewebedu_lm,FineWebEdu,Decoder Transformer,Lion (PyTorch),23172.039316177368,47950.5,0.4832491697933779,True,Schedule-Free AdamW (JAX),12875.283079862596,0.5556387551471926
finewebedu_lm,FineWebEdu,Decoder Transformer,Muon (JAX),20594.037749767303,47950.5,0.4294853598975465,True,Schedule-Free AdamW (JAX),12875.283079862596,0.625194691604762
finewebedu_lm,FineWebEdu,Decoder Transformer,Muon (PyTorch),15471.922557115557,47950.5,0.32266446767219437,True,Schedule-Free AdamW (JAX),12875.283079862596,0.832170858684995
finewebedu_lm,FineWebEdu,Decoder Transformer,NAdamW (JAX),25733.847669363025,47950.5,0.5366752728201588,True,Schedule-Free AdamW (JAX),12875.283079862596,0.5003248346414608
finewebedu_lm,FineWebEdu,Decoder Transformer,NAdamW (Baseline AlgoPerf v0.5) (JAX),20589.912857055664,47950.5,0.42939933592049434,True,Schedule-Free AdamW (JAX),12875.283079862596,0.625319940363446
finewebedu_lm,FineWebEdu,Decoder Transformer,NAdamW (Tuned for ResNet) (JAX),23163.02198767662,47950.5,0.48306111485128667,True,Schedule-Free AdamW (JAX),12875.283079862596,0.5558550644519791
finewebedu_lm,FineWebEdu,Decoder Transformer,Schedule-Free AdamW (PyTorch),inf,47950.5,inf,False,Schedule-Free AdamW (JAX),12875.283079862596,
finewebedu_lm,FineWebEdu,Decoder Transformer,Schedule-Free AdamW (JAX),12875.283079862596,47950.5,0.2685119671299068,True,Schedule-Free AdamW (JAX),12875.283079862596,1.0
finewebedu_lm,FineWebEdu,Decoder Transformer,Schedule-Free AdamW v2 (JAX),15451.99134683609,47950.5,0.3222488054730626,True,Schedule-Free AdamW (JAX),12875.283079862596,0.8332442589995953
finewebedu_lm,FineWebEdu,Decoder Transformer,Schedule-Free AdamW v2 (PyTorch),inf,47950.5,inf,False,Schedule-Free AdamW (JAX),12875.283079862596,
finewebedu_lm,FineWebEdu,Decoder Transformer,Single Worker DiLoCo (JAX),28314.81918931008,47950.5,0.5905010206214759,True,Schedule-Free AdamW (JAX),12875.283079862596,0.4547188874412274
finewebedu_lm,FineWebEdu,Decoder Transformer,Single Worker DiLoCo v2 (JAX),28313.97388148308,47950.5,0.5904833918620886,True,Schedule-Free AdamW (JAX),12875.283079862596,0.4547324629794492
wmt,WMT,Transformer,AdEMAMix (PyTorch),17399.639942407608,24171.0,0.7198560234333543,True,Schedule-Free AdamW v2 (PyTorch),10325.45705485344,0.5934293519308707
wmt,WMT,Transformer,Cautious NAdamW (JAX),14232.458706855774,24171.0,0.5888237436124187,True,Schedule-Free AdamW v2 (PyTorch),10325.45705485344,0.7254865281906399
wmt,WMT,Transformer,Lion (PyTorch),15475.552730083466,24171.0,0.6402528952084509,True,Schedule-Free AdamW v2 (PyTorch),10325.45705485344,0.667210873494775
wmt,WMT,Transformer,Muon (JAX),inf,24171.0,inf,False,Schedule-Free AdamW v2 (PyTorch),10325.45705485344,
wmt,WMT,Transformer,Muon (PyTorch),14214.779582500458,24171.0,0.5880923247900566,True,Schedule-Free AdamW v2 (PyTorch),10325.45705485344,0.7263888261457752
wmt,WMT,Transformer,NAdamW (JAX),inf,24171.0,inf,False,Schedule-Free AdamW v2 (PyTorch),10325.45705485344,
wmt,WMT,Transformer,NAdamW (Baseline AlgoPerf v0.5) (JAX),14865.7885992527,24171.0,0.6150257994808945,True,Schedule-Free AdamW v2 (PyTorch),10325.45705485344,0.694578493829281
wmt,WMT,Transformer,NAdamW (Tuned for ResNet) (JAX),inf,24171.0,inf,False,Schedule-Free AdamW v2 (PyTorch),10325.45705485344,
wmt,WMT,Transformer,Schedule-Free AdamW (PyTorch),19957.71787595749,24171.0,0.8256885472656278,True,Schedule-Free AdamW v2 (PyTorch),10325.45705485344,0.5173666207243179
wmt,WMT,Transformer,Schedule-Free AdamW (JAX),16161.202248096466,24171.0,0.6686195129740791,True,Schedule-Free AdamW v2 (PyTorch),10325.45705485344,0.6389040181753567
wmt,WMT,Transformer,Schedule-Free AdamW v2 (JAX),inf,24171.0,inf,False,Schedule-Free AdamW v2 (PyTorch),10325.45705485344,
wmt,WMT,Transformer,Schedule-Free AdamW v2 (PyTorch),10325.45705485344,24171.0,0.4271836934695892,True,Schedule-Free AdamW v2 (PyTorch),10325.45705485344,1.0
wmt,WMT,Transformer,Single Worker DiLoCo (JAX),inf,24171.0,inf,False,Schedule-Free AdamW v2 (PyTorch),10325.45705485344,
wmt,WMT,Transformer,Single Worker DiLoCo v2 (JAX),inf,24171.0,inf,False,Schedule-Free AdamW v2 (PyTorch),10325.45705485344,
imagenet_vit,ImageNet ViT,Vision Transformer,AdEMAMix (PyTorch),inf,96438.0,inf,False,NAdamW (JAX),72015.5787293911,
imagenet_vit,ImageNet ViT,Vision Transformer,Cautious NAdamW (JAX),inf,96438.0,inf,False,NAdamW (JAX),72015.5787293911,
imagenet_vit,ImageNet ViT,Vision Transformer,Lion (PyTorch),inf,96438.0,inf,False,NAdamW (JAX),72015.5787293911,
imagenet_vit,ImageNet ViT,Vision Transformer,Muon (JAX),77162.91657114029,96438.0,0.8001297887880326,True,NAdamW (JAX),72015.5787293911,0.9332925961008277
imagenet_vit,ImageNet ViT,Vision Transformer,Muon (PyTorch),inf,96438.0,inf,False,NAdamW (JAX),72015.5787293911,
imagenet_vit,ImageNet ViT,Vision Transformer,NAdamW (JAX),72015.5787293911,96438.0,0.7467552077955899,True,NAdamW (JAX),72015.5787293911,1.0
imagenet_vit,ImageNet ViT,Vision Transformer,NAdamW (Baseline AlgoPerf v0.5) (JAX),inf,96438.0,inf,False,NAdamW (JAX),72015.5787293911,
imagenet_vit,ImageNet ViT,Vision Transformer,NAdamW (Tuned for ResNet) (JAX),inf,96438.0,inf,False,NAdamW (JAX),72015.5787293911,
imagenet_vit,ImageNet ViT,Vision Transformer,Schedule-Free AdamW (PyTorch),inf,96438.0,inf,False,NAdamW (JAX),72015.5787293911,
imagenet_vit,ImageNet ViT,Vision Transformer,Schedule-Free AdamW (JAX),87468.86081624031,96438.0,0.9069957985051568,True,NAdamW (JAX),72015.5787293911,0.8233281885388405
imagenet_vit,ImageNet ViT,Vision Transformer,Schedule-Free AdamW v2 (JAX),84891.75501847267,96438.0,0.8802728698072614,True,NAdamW (JAX),72015.5787293911,0.8483224161606779
imagenet_vit,ImageNet ViT,Vision Transformer,Schedule-Free AdamW v2 (PyTorch),inf,96438.0,inf,False,NAdamW (JAX),72015.5787293911,
imagenet_vit,ImageNet ViT,Vision Transformer,Single Worker DiLoCo (JAX),inf,96438.0,inf,False,NAdamW (JAX),72015.5787293911,
imagenet_vit,ImageNet ViT,Vision Transformer,Single Worker DiLoCo v2 (JAX),inf,96438.0,inf,False,NAdamW (JAX),72015.5787293911,
fastmri,fastMRI,U-Net,AdEMAMix (PyTorch),1517.7321906089785,4117.5,0.3686052679074629,True,Schedule-Free AdamW v2 (PyTorch),1128.837876081467,0.7437661815873651
fastmri,fastMRI,U-Net,Cautious NAdamW (JAX),1608.188658952713,4117.5,0.3905740519618004,True,Schedule-Free AdamW v2 (PyTorch),1128.837876081467,0.7019312502903673
fastmri,fastMRI,U-Net,Lion (PyTorch),1394.1750195026398,4117.5,0.3385974546454499,True,Schedule-Free AdamW v2 (PyTorch),1128.837876081467,0.8096816111969718
fastmri,fastMRI,U-Net,Muon (JAX),1869.765276670456,4117.5,0.45410207083678344,True,Schedule-Free AdamW v2 (PyTorch),1128.837876081467,0.6037323990162127
fastmri,fastMRI,U-Net,Muon (PyTorch),inf,4117.5,inf,False,Schedule-Free AdamW v2 (PyTorch),1128.837876081467,
fastmri,fastMRI,U-Net,NAdamW (JAX),1800.7732002735138,4117.5,0.4373462538612055,True,Schedule-Free AdamW v2 (PyTorch),1128.837876081467,0.6268628808502987
fastmri,fastMRI,U-Net,NAdamW (Baseline AlgoPerf v0.5) (JAX),1620.5153810977936,4117.5,0.3935677914020142,True,Schedule-Free AdamW v2 (PyTorch),1128.837876081467,0.6965918924612445
fastmri,fastMRI,U-Net,NAdamW (Tuned for ResNet) (JAX),1920.545307636261,4117.5,0.46643480452611075,True,Schedule-Free AdamW v2 (PyTorch),1128.837876081467,0.5877694588058433
fastmri,fastMRI,U-Net,Schedule-Free AdamW (PyTorch),1188.9131379127502,4117.5,0.2887463601488161,True,Schedule-Free AdamW v2 (PyTorch),1128.837876081467,0.949470436556239
fastmri,fastMRI,U-Net,Schedule-Free AdamW (JAX),2397.40203499794,4117.5,0.5822470030353224,True,Schedule-Free AdamW v2 (PyTorch),1128.837876081467,0.4708588128325489
fastmri,fastMRI,U-Net,Schedule-Free AdamW v2 (JAX),1850.625381946564,4117.5,0.44945364467433246,True,Schedule-Free AdamW v2 (PyTorch),1128.837876081467,0.6099764366649445
fastmri,fastMRI,U-Net,Schedule-Free AdamW v2 (PyTorch),1128.837876081467,4117.5,0.27415613262452143,True,Schedule-Free AdamW v2 (PyTorch),1128.837876081467,1.0
fastmri,fastMRI,U-Net,Single Worker DiLoCo (JAX),2379.342566609382,4117.5,0.5778609754971177,True,Schedule-Free AdamW v2 (PyTorch),1128.837876081467,0.47443268233967956
fastmri,fastMRI,U-Net,Single Worker DiLoCo v2 (JAX),2578.1419467926025,4117.5,0.6261425493121074,True,Schedule-Free AdamW v2 (PyTorch),1128.837876081467,0.437849388970155
imagenet_resnet,ImageNet ResNet,ResNet-50,AdEMAMix (PyTorch),inf,74877.0,inf,False,,inf,
imagenet_resnet,ImageNet ResNet,ResNet-50,Cautious NAdamW (JAX),inf,74877.0,inf,False,,inf,
imagenet_resnet,ImageNet ResNet,ResNet-50,Lion (PyTorch),inf,74877.0,inf,False,,inf,
imagenet_resnet,ImageNet ResNet,ResNet-50,Muon (JAX),inf,74877.0,inf,False,,inf,
imagenet_resnet,ImageNet ResNet,ResNet-50,Muon (PyTorch),inf,74877.0,inf,False,,inf,
imagenet_resnet,ImageNet ResNet,ResNet-50,NAdamW (JAX),inf,74877.0,inf,False,,inf,
imagenet_resnet,ImageNet ResNet,ResNet-50,NAdamW (Baseline AlgoPerf v0.5) (JAX),inf,74877.0,inf,False,,inf,
imagenet_resnet,ImageNet ResNet,ResNet-50,NAdamW (Tuned for ResNet) (JAX),inf,74877.0,inf,False,,inf,
imagenet_resnet,ImageNet ResNet,ResNet-50,Schedule-Free AdamW (PyTorch),inf,74877.0,inf,False,,inf,
imagenet_resnet,ImageNet ResNet,ResNet-50,Schedule-Free AdamW (JAX),inf,74877.0,inf,False,,inf,
imagenet_resnet,ImageNet ResNet,ResNet-50,Schedule-Free AdamW v2 (JAX),inf,74877.0,inf,False,,inf,
imagenet_resnet,ImageNet ResNet,ResNet-50,Schedule-Free AdamW v2 (PyTorch),inf,74877.0,inf,False,,inf,
imagenet_resnet,ImageNet ResNet,ResNet-50,Single Worker DiLoCo (JAX),inf,74877.0,inf,False,,inf,
imagenet_resnet,ImageNet ResNet,ResNet-50,Single Worker DiLoCo v2 (JAX),inf,74877.0,inf,False,,inf,
librispeech_conformer,LibriSpeech Conformer,Conformer,AdEMAMix (PyTorch),48894.85426735878,65520.0,0.7462584595140229,True,AdEMAMix (PyTorch),48894.85426735878,1.0
librispeech_conformer,LibriSpeech Conformer,Conformer,Cautious NAdamW (JAX),inf,65520.0,inf,False,AdEMAMix (PyTorch),48894.85426735878,
librispeech_conformer,LibriSpeech Conformer,Conformer,Lion (PyTorch),inf,65520.0,inf,False,AdEMAMix (PyTorch),48894.85426735878,
librispeech_conformer,LibriSpeech Conformer,Conformer,Muon (JAX),inf,65520.0,inf,False,AdEMAMix (PyTorch),48894.85426735878,
librispeech_conformer,LibriSpeech Conformer,Conformer,Muon (PyTorch),inf,65520.0,inf,False,AdEMAMix (PyTorch),48894.85426735878,
librispeech_conformer,LibriSpeech Conformer,Conformer,NAdamW (JAX),inf,65520.0,inf,False,AdEMAMix (PyTorch),48894.85426735878,
librispeech_conformer,LibriSpeech Conformer,Conformer,NAdamW (Baseline AlgoPerf v0.5) (JAX),inf,65520.0,inf,False,AdEMAMix (PyTorch),48894.85426735878,
librispeech_conformer,LibriSpeech Conformer,Conformer,NAdamW (Tuned for ResNet) (JAX),inf,65520.0,inf,False,AdEMAMix (PyTorch),48894.85426735878,
librispeech_conformer,LibriSpeech Conformer,Conformer,Schedule-Free AdamW (PyTorch),inf,65520.0,inf,False,AdEMAMix (PyTorch),48894.85426735878,
librispeech_conformer,LibriSpeech Conformer,Conformer,Schedule-Free AdamW (JAX),inf,65520.0,inf,False,AdEMAMix (PyTorch),48894.85426735878,
librispeech_conformer,LibriSpeech Conformer,Conformer,Schedule-Free AdamW v2 (JAX),inf,65520.0,inf,False,AdEMAMix (PyTorch),48894.85426735878,
librispeech_conformer,LibriSpeech Conformer,Conformer,Schedule-Free AdamW v2 (PyTorch),55846.44081497192,65520.0,0.8523571552956641,True,AdEMAMix (PyTorch),48894.85426735878,0.8755231945640933
librispeech_conformer,LibriSpeech Conformer,Conformer,Single Worker DiLoCo (JAX),inf,65520.0,inf,False,AdEMAMix (PyTorch),48894.85426735878,
librispeech_conformer,LibriSpeech Conformer,Conformer,Single Worker DiLoCo v2 (JAX),inf,65520.0,inf,False,AdEMAMix (PyTorch),48894.85426735878,
librispeech_deepspeech,LibriSpeech DeepSpeech,DeepSpeech,AdEMAMix (PyTorch),inf,55423.5,inf,False,Schedule-Free AdamW (PyTorch),40463.388149023056,
librispeech_deepspeech,LibriSpeech DeepSpeech,DeepSpeech,Cautious NAdamW (JAX),inf,55423.5,inf,False,Schedule-Free AdamW (PyTorch),40463.388149023056,
librispeech_deepspeech,LibriSpeech DeepSpeech,DeepSpeech,Lion (PyTorch),inf,55423.5,inf,False,Schedule-Free AdamW (PyTorch),40463.388149023056,
librispeech_deepspeech,LibriSpeech DeepSpeech,DeepSpeech,Muon (JAX),inf,55423.5,inf,False,Schedule-Free AdamW (PyTorch),40463.388149023056,
librispeech_deepspeech,LibriSpeech DeepSpeech,DeepSpeech,Muon (PyTorch),inf,55423.5,inf,False,Schedule-Free AdamW (PyTorch),40463.388149023056,
librispeech_deepspeech,LibriSpeech DeepSpeech,DeepSpeech,NAdamW (JAX),inf,55423.5,inf,False,Schedule-Free AdamW (PyTorch),40463.388149023056,
librispeech_deepspeech,LibriSpeech DeepSpeech,DeepSpeech,NAdamW (Baseline AlgoPerf v0.5) (JAX),inf,55423.5,inf,False,Schedule-Free AdamW (PyTorch),40463.388149023056,
librispeech_deepspeech,LibriSpeech DeepSpeech,DeepSpeech,NAdamW (Tuned for ResNet) (JAX),inf,55423.5,inf,False,Schedule-Free AdamW (PyTorch),40463.388149023056,
librispeech_deepspeech,LibriSpeech DeepSpeech,DeepSpeech,Schedule-Free AdamW (PyTorch),40463.388149023056,55423.5,0.7300763782334759,True,Schedule-Free AdamW (PyTorch),40463.388149023056,1.0
librispeech_deepspeech,LibriSpeech DeepSpeech,DeepSpeech,Schedule-Free AdamW (JAX),inf,55423.5,inf,False,Schedule-Free AdamW (PyTorch),40463.388149023056,
librispeech_deepspeech,LibriSpeech DeepSpeech,DeepSpeech,Schedule-Free AdamW v2 (JAX),inf,55423.5,inf,False,Schedule-Free AdamW (PyTorch),40463.388149023056,
librispeech_deepspeech,LibriSpeech DeepSpeech,DeepSpeech,Schedule-Free AdamW v2 (PyTorch),41911.17554831505,55423.5,0.7561986440465696,True,Schedule-Free AdamW (PyTorch),40463.388149023056,0.9654558150576572
librispeech_deepspeech,LibriSpeech DeepSpeech,DeepSpeech,Single Worker DiLoCo (JAX),inf,55423.5,inf,False,Schedule-Free AdamW (PyTorch),40463.388149023056,
librispeech_deepspeech,LibriSpeech DeepSpeech,DeepSpeech,Single Worker DiLoCo v2 (JAX),inf,55423.5,inf,False,Schedule-Free AdamW (PyTorch),40463.388149023056,
