global_step,grad_norm,loss,train/accuracy,train/loss,validation/accuracy,validation/loss,validation/num_examples,test/accuracy,test/loss,test/num_examples,score,total_duration,accumulated_submission_time,accumulated_eval_time,accumulated_logging_time,preemption_count
0,0.3557709157466888,6.907755374908447,,,,,,,,,,,,,,
1,,,0.00228515625,6.90775634765625,0.00176,6.90775625,50000.0,0.0013,6.90775546875,10000.0,121.32478308677672,388.9585015773773,121.32478308677672,266.90091943740845,0.0,0.0
1,0.3725830614566803,6.907755374908447,,,,,,,,,,,,,,
2,0.3841941058635711,6.907754898071289,,,,,,,,,,,,,,
3,0.3709340691566467,6.907753467559815,,,,,,,,,,,,,,
4,0.3667190372943878,6.907754898071289,,,,,,,,,,,,,,
5,0.372001051902771,6.9077558517456055,,,,,,,,,,,,,,
6,0.3810482323169708,6.9077467918396,,,,,,,,,,,,,,
7,0.3730814158916473,6.907751560211182,,,,,,,,,,,,,,
8,0.3669123947620392,6.907747268676758,,,,,,,,,,,,,,
9,0.3698151707649231,6.907750606536865,,,,,,,,,,,,,,
10,0.3828930258750915,6.907731056213379,,,,,,,,,,,,,,
11,0.3619360029697418,6.907731056213379,,,,,,,,,,,,,,
12,0.3728687465190887,6.907744407653809,,,,,,,,,,,,,,
13,0.3725390136241913,6.9077253341674805,,,,,,,,,,,,,,
14,0.3689760565757751,6.907753467559815,,,,,,,,,,,,,,
15,0.3744933009147644,6.907721519470215,,,,,,,,,,,,,,
16,0.3718143999576568,6.907721042633057,,,,,,,,,,,,,,
17,0.3628654479980469,6.907713890075684,,,,,,,,,,,,,,
18,0.3788138926029205,6.9077253341674805,,,,,,,,,,,,,,
19,0.3581025600433349,6.907733917236328,,,,,,,,,,,,,,
20,0.3654921054840088,6.907702445983887,,,,,,,,,,,,,,
21,0.3659215569496155,6.907679557800293,,,,,,,,,,,,,,
22,0.3783256709575653,6.907694339752197,,,,,,,,,,,,,,
23,0.3669207394123077,6.907649040222168,,,,,,,,,,,,,,
24,0.3771553039550781,6.907607078552246,,,,,,,,,,,,,,
25,0.3648486733436584,6.907609939575195,,,,,,,,,,,,,,
26,0.3815815150737762,6.907580375671387,,,,,,,,,,,,,,
27,0.3803050518035888,6.907617568969727,,,,,,,,,,,,,,
28,0.3782521784305572,6.90761661529541,,,,,,,,,,,,,,
29,0.362415999174118,6.907675743103027,,,,,,,,,,,,,,
30,0.3864795863628387,6.9075026512146,,,,,,,,,,,,,,
31,0.3541291952133178,6.907658576965332,,,,,,,,,,,,,,
32,0.3734919726848602,6.907576560974121,,,,,,,,,,,,,,
33,0.3676976859569549,6.907505989074707,,,,,,,,,,,,,,
34,0.3714061975479126,6.9074387550354,,,,,,,,,,,,,,
35,0.3625860214233398,6.907491683959961,,,,,,,,,,,,,,
36,0.3885780870914459,6.907403945922852,,,,,,,,,,,,,,
37,0.3733708560466766,6.907426834106445,,,,,,,,,,,,,,
38,0.365086555480957,6.907397270202637,,,,,,,,,,,,,,
39,0.3534780740737915,6.90748929977417,,,,,,,,,,,,,,
40,0.3971766233444214,6.907308578491211,,,,,,,,,,,,,,
41,0.3674996495246887,6.907305717468262,,,,,,,,,,,,,,
42,0.3867277204990387,6.907255172729492,,,,,,,,,,,,,,
43,0.3939203023910522,6.907198429107666,,,,,,,,,,,,,,
44,0.3887163400650024,6.907016754150391,,,,,,,,,,,,,,
45,0.3427172005176544,6.90733814239502,,,,,,,,,,,,,,
46,0.3969490528106689,6.906972408294678,,,,,,,,,,,,,,
47,0.405188113451004,6.906807899475098,,,,,,,,,,,,,,
48,0.3676764369010925,6.907041549682617,,,,,,,,,,,,,,
49,0.3655986189842224,6.9070539474487305,,,,,,,,,,,,,,
50,0.4025768041610718,6.9066925048828125,,,,,,,,,,,,,,
51,0.4006567597389221,6.906704902648926,,,,,,,,,,,,,,
52,0.3488681316375732,6.907064437866211,,,,,,,,,,,,,,
53,0.4127519130706787,6.906449794769287,,,,,,,,,,,,,,
54,0.4008476734161377,6.906489372253418,,,,,,,,,,,,,,
55,0.3553452789783478,6.9069108963012695,,,,,,,,,,,,,,
56,0.4082881212234497,6.906373977661133,,,,,,,,,,,,,,
57,0.4221036732196808,6.906233787536621,,,,,,,,,,,,,,
58,0.4186397492885589,6.906149387359619,,,,,,,,,,,,,,
59,0.4256295263767242,6.905941009521484,,,,,,,,,,,,,,
60,0.411630243062973,6.905988693237305,,,,,,,,,,,,,,
61,0.4293310046195984,6.905457496643066,,,,,,,,,,,,,,
62,0.390190064907074,6.90602970123291,,,,,,,,,,,,,,
63,0.3858069777488708,6.905623435974121,,,,,,,,,,,,,,
64,0.4157457053661346,6.905159950256348,,,,,,,,,,,,,,
65,0.396843671798706,6.905806064605713,,,,,,,,,,,,,,
66,0.4364452958106994,6.904608249664307,,,,,,,,,,,,,,
67,0.410207986831665,6.9047441482543945,,,,,,,,,,,,,,
68,0.4438543021678924,6.904394149780273,,,,,,,,,,,,,,
69,0.4466149508953094,6.904644966125488,,,,,,,,,,,,,,
70,0.387826532125473,6.904870986938477,,,,,,,,,,,,,,
71,0.4621224105358124,6.904311656951904,,,,,,,,,,,,,,
72,0.4667878150939941,6.903342247009277,,,,,,,,,,,,,,
73,0.4648320972919464,6.90384578704834,,,,,,,,,,,,,,
74,0.4626313149929046,6.903715133666992,,,,,,,,,,,,,,
75,0.3929626047611236,6.904351711273193,,,,,,,,,,,,,,
76,0.3972343802452087,6.904220581054688,,,,,,,,,,,,,,
77,0.408307284116745,6.903604507446289,,,,,,,,,,,,,,
78,0.4885356426239013,6.902553558349609,,,,,,,,,,,,,,
79,0.4817683696746826,6.904542922973633,,,,,,,,,,,,,,
80,0.4702984094619751,6.903170585632324,,,,,,,,,,,,,,
81,0.3955028057098388,6.904805660247803,,,,,,,,,,,,,,
82,0.4635762870311737,6.902248382568359,,,,,,,,,,,,,,
83,0.4479374587535858,6.902943134307861,,,,,,,,,,,,,,
84,0.4061595797538757,6.90326738357544,,,,,,,,,,,,,,
85,0.4054405987262726,6.903816223144531,,,,,,,,,,,,,,
86,0.4999989569187164,6.901287078857422,,,,,,,,,,,,,,
87,0.4776759147644043,6.901191711425781,,,,,,,,,,,,,,
88,0.4628950953483581,6.901599407196045,,,,,,,,,,,,,,
89,0.4103515446186065,6.902168273925781,,,,,,,,,,,,,,
90,0.4902635812759399,6.900558948516846,,,,,,,,,,,,,,
91,0.4514320194721222,6.900492668151856,,,,,,,,,,,,,,
92,0.4936517477035522,6.899875164031982,,,,,,,,,,,,,,
93,0.4803199768066406,6.900359630584717,,,,,,,,,,,,,,
94,0.4977109432220459,6.900460720062256,,,,,,,,,,,,,,
95,0.4999990463256836,6.899870872497559,,,,,,,,,,,,,,
96,0.4999989867210388,6.897614479064941,,,,,,,,,,,,,,
97,0.447003573179245,6.901553153991699,,,,,,,,,,,,,,
98,0.4838730096817016,6.898449897766113,,,,,,,,,,,,,,
99,0.475560188293457,6.898356914520264,,,,,,,,,,,,,,
100,0.4911104142665863,6.898347854614258,,,,,,,,,,,,,,
500,0.4999994337558746,6.733353614807129,,,,,,,,,,,,,,
1000,0.4999996721744537,6.415021896362305,,,,,,,,,,,,,,
1500,0.4999996721744537,6.233492374420166,,,,,,,,,,,,,,
2000,0.4999996125698089,5.983521938323975,,,,,,,,,,,,,,
2371,,,0.055859375,5.700372314453125,0.0493,5.87810625,50000.0,0.0486,5.6401859375,10000.0,2692.0896463394165,3129.844084262848,2692.0896463394165,433.4192156791687,0.2330889701843261,0.0
2500,0.4999995231628418,6.518265724182129,,,,,,,,,,,,,,
3000,0.4999997913837433,5.5807929039001465,,,,,,,,,,,,,,
3500,0.499999463558197,6.144539833068848,,,,,,,,,,,,,,
4000,0.4999995529651642,5.228029251098633,,,,,,,,,,,,,,
4500,0.4999996125698089,4.978370666503906,,,,,,,,,,,,,,
5000,0.4999995529651642,4.987598896026611,,,,,,,,,,,,,,
5500,0.4999995529651642,4.651830196380615,,,,,,,,,,,,,,
5610,,,0.189765625,4.9383306884765625,0.17356,4.7599465625,50000.0,0.1741,4.29425546875,10000.0,5262.350856781006,5854.4937126636505,5262.350856781006,583.4502947330475,0.3073396682739258,0.0
6000,0.4999996125698089,4.456670761108398,,,,,,,,,,,,,,
6500,0.4999996721744537,4.458788871765137,,,,,,,,,,,,,,
7000,0.4999995827674866,4.190932273864746,,,,,,,,,,,,,,
7500,0.4999995827674866,4.195642948150635,,,,,,,,,,,,,,
8000,0.4999995529651642,4.29966926574707,,,,,,,,,,,,,,
8500,0.4999995529651642,5.951800346374512,,,,,,,,,,,,,,
8777,,,0.324140625,4.036053466796875,0.287,4.09793375,50000.0,0.2762,3.52323125,10000.0,7834.110359668732,8572.682470083237,7834.110359668732,725.8568375110626,0.4261224269866943,0.0
9000,0.4999996125698089,3.829831838607788,,,,,,,,,,,,,,
9500,0.4999995529651642,4.934957027435303,,,,,,,,,,,,,,
10000,0.4999997019767761,3.537519931793213,,,,,,,,,,,,,,
10500,0.4999995827674866,3.91812515258789,,,,,,,,,,,,,,
11000,0.4999995529651642,5.317974090576172,,,,,,,,,,,,,,
11500,0.4999995529651642,3.142411708831787,,,,,,,,,,,,,,
12000,0.4999996423721313,3.1661536693573,,,,,,,,,,,,,,
12004,,,0.40556640625,3.770957641601562,0.36128,3.826253125,50000.0,0.3526,3.036040234375,10000.0,10411.95853638649,11298.288755893707,10411.95853638649,865.246161699295,0.5769710540771484,0.0
12500,0.4999996423721313,3.825783491134644,,,,,,,,,,,,,,
13000,0.4999996125698089,3.133309125900269,,,,,,,,,,,,,,
13500,0.4999996125698089,3.378946542739868,,,,,,,,,,,,,,
14000,0.4999995827674866,2.8920392990112305,,,,,,,,,,,,,,
14500,0.4999997019767761,2.9115700721740723,,,,,,,,,,,,,,
15000,0.4999995231628418,3.8914544582366943,,,,,,,,,,,,,,
15268,,,0.479921875,3.2422940063476564,0.41712,3.508525,50000.0,0.4116,2.7012171875,10000.0,12979.315444469452,14017.990199327469,12979.315444469452,1008.971207857132,0.8551476001739502,0.0
15500,0.4999996125698089,2.651757001876831,,,,,,,,,,,,,,
16000,0.4999996423721313,2.6883697509765625,,,,,,,,,,,,,,
16500,0.4999996125698089,3.2438552379608154,,,,,,,,,,,,,,
17000,0.4999995827674866,3.995916366577149,,,,,,,,,,,,,,
17500,0.4999995827674866,2.80048942565918,,,,,,,,,,,,,,
18000,0.4999995827674866,4.223663806915283,,,,,,,,,,,,,,
18417,,,0.54462890625,2.800125732421875,0.46806,3.2255234375,50000.0,0.4518,2.47650390625,10000.0,15546.428710222244,16751.14104294777,15546.428710222244,1166.0138342380524,1.1592702865600586,0.0
18500,0.4999996125698089,2.868805170059204,,,,,,,,,,,,,,
19000,0.4999995827674866,5.031514644622803,,,,,,,,,,,,,,
19500,0.499999463558197,4.902590751647949,,,,,,,,,,,,,,
20000,0.4999995827674866,2.429982662200928,,,,,,,,,,,,,,
20500,0.4999996423721313,2.529710292816162,,,,,,,,,,,,,,
21000,0.4999996721744537,2.420827388763428,,,,,,,,,,,,,,
21500,0.499999463558197,4.7179951667785645,,,,,,,,,,,,,,
21768,,,0.54513671875,3.107976379394531,0.49176,3.171916875,50000.0,0.4811,2.323434375,10000.0,18114.06486916542,19475.07040452957,18114.06486916542,1312.8532564640043,2.128077268600464,0.0
22000,0.4999994933605194,5.043087959289551,,,,,,,,,,,,,,
22500,0.4999996125698089,2.342177391052246,,,,,,,,,,,,,,
23000,0.4999995529651642,3.81080174446106,,,,,,,,,,,,,,
23500,0.4999996125698089,2.2375712394714355,,,,,,,,,,,,,,
24000,0.4999995231628418,4.445783615112305,,,,,,,,,,,,,,
24500,0.4999996125698089,2.239621162414551,,,,,,,,,,,,,,
24895,,,0.56482421875,3.170403137207032,0.5066,3.2526559375,50000.0,0.502,2.215092578125,10000.0,20681.5164604187,22209.77625346184,20681.5164604187,1471.6794302463531,2.4110121726989746,0.0
25000,0.4999995827674866,3.16884994506836,,,,,,,,,,,,,,
25500,0.4999994933605194,3.692971706390381,,,,,,,,,,,,,,
26000,0.4999995827674866,2.147036552429199,,,,,,,,,,,,,,
26500,0.4999996423721313,2.228750228881836,,,,,,,,,,,,,,
27000,0.4999995827674866,2.0943028926849365,,,,,,,,,,,,,,
27500,0.4999995529651642,2.367526054382324,,,,,,,,,,,,,,
28000,0.4999995529651642,2.396492481231689,,,,,,,,,,,,,,
28226,,,0.5911328125,2.883991394042969,0.5363,2.76262,50000.0,0.5237,2.1259302734375,10000.0,23248.10187292099,24931.695034742355,23248.10187292099,1617.216381072998,3.4876534938812256,0.0
28500,0.4999995231628418,3.467546939849853,,,,,,,,,,,,,,
29000,0.4999995529651642,3.9469010829925537,,,,,,,,,,,,,,
29500,0.4999996125698089,2.2569773197174072,,,,,,,,,,,,,,
30000,0.4999995231628418,3.4546420574188232,,,,,,,,,,,,,,
30500,0.4999994933605194,4.515624523162842,,,,,,,,,,,,,,
31000,0.4999995529651642,2.3718338012695312,,,,,,,,,,,,,,
31455,,,0.663359375,2.111064910888672,0.5554,2.83841125,50000.0,0.5334,2.0450654296875,10000.0,25816.279580831528,27648.096289157867,25816.279580831528,1756.5567178726196,4.614113569259644,0.0
31500,0.4999995231628418,4.479097366333008,,,,,,,,,,,,,,
32000,0.4999996125698089,4.621783256530762,,,,,,,,,,,,,,
32500,0.4999995231628418,2.121426105499268,,,,,,,,,,,,,,
33000,0.4999995827674866,4.300373077392578,,,,,,,,,,,,,,
33500,0.4999996423721313,2.13372802734375,,,,,,,,,,,,,,
34000,0.4999995827674866,1.7929970026016235,,,,,,,,,,,,,,
34457,,,0.625390625,2.8165191650390624,0.5694,2.614239375,50000.0,0.5457,2.0043236328125,10000.0,28384.168689012527,30376.761737585068,28384.168689012527,1908.323546409607,4.924053430557251,0.0
34500,0.4999995827674866,2.012927293777466,,,,,,,,,,,,,,
35000,0.4999995827674866,2.045947313308716,,,,,,,,,,,,,,
35500,0.4999994933605194,2.01741886138916,,,,,,,,,,,,,,
36000,0.4999995529651642,3.2139453887939453,,,,,,,,,,,,,,
36500,0.4999994933605194,2.354304552078247,,,,,,,,,,,,,,
37000,0.4999995231628418,2.360288619995117,,,,,,,,,,,,,,
37500,0.4999995529651642,1.917846918106079,,,,,,,,,,,,,,
37631,,,0.65158203125,2.6507022094726564,0.57466,2.8467275,50000.0,0.5491,1.96443515625,10000.0,30951.68151497841,33095.715420007706,30951.68151497841,2051.183312892914,5.2484130859375,0.0
38000,0.4999995529651642,1.8128604888916016,,,,,,,,,,,,,,
38500,0.4999995529651642,1.870051980018616,,,,,,,,,,,,,,
39000,0.4999995529651642,1.8200056552886963,,,,,,,,,,,,,,
39500,0.4999996125698089,1.9653550386428835,,,,,,,,,,,,,,
40000,0.4999995231628418,3.1804728507995605,,,,,,,,,,,,,,
40500,0.4999995529651642,4.405281066894531,,,,,,,,,,,,,,
40793,,,0.66376953125,2.469996032714844,0.56806,2.9299578125,50000.0,0.5644,1.912332421875,10000.0,33523.692170619965,35824.94554591179,33523.692170619965,2199.3028275966644,5.618121862411499,0.0
41000,0.4999995529651642,1.9325108528137207,,,,,,,,,,,,,,
41500,0.4999995827674866,3.187605142593384,,,,,,,,,,,,,,
42000,0.4999995529651642,3.6043038368225098,,,,,,,,,,,,,,
42500,0.4999995529651642,1.7173466682434082,,,,,,,,,,,,,,
43000,0.4999995827674866,1.8578133583068848,,,,,,,,,,,,,,
43500,0.499999463558197,3.0470032691955566,,,,,,,,,,,,,,
44000,0.4999995231628418,1.8863446712493896,,,,,,,,,,,,,,
44048,,,0.66783203125,2.445870971679688,0.5822,2.6944565625,50000.0,0.5681,1.8966951171875,10000.0,36090.76889109612,38540.7880191803,36090.76889109612,2339.386500597,5.942543029785156,0.0
44500,0.4999995231628418,1.7825320959091189,,,,,,,,,,,,,,
45000,0.4999995827674866,1.730241060256958,,,,,,,,,,,,,,
45500,0.4999995529651642,1.826855421066284,,,,,,,,,,,,,,
46000,0.4999995231628418,1.740220308303833,,,,,,,,,,,,,,
46500,0.4999996125698089,1.8603265285491943,,,,,,,,,,,,,,
47000,0.4999995827674866,2.0065507888793945,,,,,,,,,,,,,,
47187,,,0.61841796875,3.3203265380859377,0.58706,2.7905684375,50000.0,0.5785,1.8651451171875,10000.0,38661.46665644646,41271.61074280739,38661.46665644646,2490.3515722751617,6.298062562942505,0.0
47500,0.4999995827674866,3.1819450855255127,,,,,,,,,,,,,,
48000,0.4999994933605194,2.264774799346924,,,,,,,,,,,,,,
48500,0.4999996125698089,1.6972126960754397,,,,,,,,,,,,,,
49000,0.4999995827674866,1.6126898527145386,,,,,,,,,,,,,,
49500,0.4999995827674866,3.7704343795776367,,,,,,,,,,,,,,
50000,0.4999995529651642,1.57802152633667,,,,,,,,,,,,,,
50500,0.4999996125698089,1.6794754266738892,,,,,,,,,,,,,,
50538,,,0.663828125,2.6336328125,0.59092,2.7246275,50000.0,0.5798,1.82652265625,10000.0,41228.18127465248,43997.95974302292,41228.18127465248,2640.9342324733734,6.681631803512573,0.0
51000,0.4999995529651642,1.6456929445266724,,,,,,,,,,,,,,
51500,0.4999995529651642,1.650823712348938,,,,,,,,,,,,,,
52000,0.4999996423721313,1.753364086151123,,,,,,,,,,,,,,
52500,0.4999996423721313,1.6713805198669434,,,,,,,,,,,,,,
53000,0.4999996423721313,4.211996078491211,,,,,,,,,,,,,,
53500,0.4999996125698089,3.208651542663574,,,,,,,,,,,,,,
53663,,,0.66783203125,2.716911010742188,0.6055,2.58237921875,50000.0,0.587,1.7989046875,10000.0,43798.88992142677,46735.01598310471,43798.88992142677,2798.588620901108,7.0068535804748535,0.0
54000,0.4999995529651642,2.467873334884644,,,,,,,,,,,,,,
54500,0.4999995529651642,2.04260778427124,,,,,,,,,,,,,,
55000,0.4999995231628418,2.784074544906616,,,,,,,,,,,,,,
55500,0.4999995827674866,3.385847806930542,,,,,,,,,,,,,,
56000,0.4999995529651642,1.7717959880828855,,,,,,,,,,,,,,
56500,0.4999995529651642,2.8060190677642822,,,,,,,,,,,,,,
56977,,,0.67353515625,2.700517578125,0.6015,2.7015803125,50000.0,0.596,1.776692578125,10000.0,46373.18920493126,49466.45277762413,46373.18920493126,2947.053974866867,7.303242683410644,0.0
57000,0.4999996125698089,1.6452909708023071,,,,,,,,,,,,,,
57500,0.4999996125698089,3.180123805999756,,,,,,,,,,,,,,
58000,0.4999996423721313,3.958894014358521,,,,,,,,,,,,,,
58500,0.4999995231628418,2.3611741065979004,,,,,,,,,,,,,,
59000,0.4999995827674866,1.7355732917785645,,,,,,,,,,,,,,
59500,0.4999996125698089,2.986480236053467,,,,,,,,,,,,,,
60000,0.4999996125698089,3.907115936279297,,,,,,,,,,,,,,
60128,,,0.71884765625,2.027147674560547,0.6182,2.40730015625,50000.0,0.5981,1.76907109375,10000.0,48942.8839867115,52183.45779824257,48942.8839867115,3085.3943016529083,7.672607660293579,0.0
60500,0.4999995827674866,1.7274320125579834,,,,,,,,,,,,,,
61000,0.4999995231628418,1.8213417530059808,,,,,,,,,,,,,,
61500,0.4999995827674866,3.1803879737854004,,,,,,,,,,,,,,
62000,0.4999995529651642,1.5683751106262207,,,,,,,,,,,,,,
62500,0.4999996423721313,1.9906294345855715,,,,,,,,,,,,,,
63000,0.4999995529651642,1.378468036651611,,,,,,,,,,,,,,
63303,,,0.68916015625,2.5399473571777342,0.6227,2.3859615625,50000.0,0.6045,1.758034765625,10000.0,51509.77036523819,54910.55043578148,51509.77036523819,3236.477827072144,8.006976842880249,0.0
63500,0.4999996125698089,1.3786253929138184,,,,,,,,,,,,,,
64000,0.4999995827674866,1.413710117340088,,,,,,,,,,,,,,
64500,0.4999996423721313,1.6476373672485352,,,,,,,,,,,,,,
65000,0.4999995827674866,1.9774054288864136,,,,,,,,,,,,,,
65500,0.4999995529651642,2.519212484359741,,,,,,,,,,,,,,
66000,0.4999996125698089,3.122344493865967,,,,,,,,,,,,,,
66500,0.4999996423721313,1.479658603668213,,,,,,,,,,,,,,
66544,,,0.67556640625,2.814586181640625,0.61188,2.5821090625,50000.0,0.6037,1.736313671875,10000.0,54081.4677426815,57632.322525024414,54081.4677426815,3377.9268865585327,8.292526960372925,0.0
67000,0.4999995529651642,2.235578775405884,,,,,,,,,,,,,,
67500,0.4999995827674866,2.69299054145813,,,,,,,,,,,,,,
68000,0.4999994933605194,2.7226898670196533,,,,,,,,,,,,,,
68500,0.4999996721744537,4.025160789489746,,,,,,,,,,,,,,
69000,0.4999996125698089,1.512830138206482,,,,,,,,,,,,,,
69500,0.4999997019767761,1.539435863494873,,,,,,,,,,,,,,
69665,,,0.69140625,2.551528015136719,0.61948,2.4735353125,50000.0,0.6067,1.7296421875,10000.0,56649.6544585228,60359.17927026749,56649.6544585228,3528.137953519821,8.600436449050903,0.0
70000,0.4999996125698089,1.5503175258636477,,,,,,,,,,,,,,
70500,0.4999996423721313,1.4192150831222534,,,,,,,,,,,,,,
71000,0.4999996125698089,2.042428970336914,,,,,,,,,,,,,,
71500,0.4999995827674866,1.713430404663086,,,,,,,,,,,,,,
72000,0.4999996423721313,3.0458028316497803,,,,,,,,,,,,,,
72500,0.4999995231628418,1.3882684707641602,,,,,,,,,,,,,,
73000,0.4999996423721313,2.005265712738037,,,,,,,,,,,,,,
73022,,,0.713828125,2.382465362548828,0.6335,2.30428890625,50000.0,0.6071,1.7324955078125,10000.0,59218.12683725357,63080.01647400856,59218.12683725357,3671.800485849381,8.961181879043579,0.0
73500,0.4999996125698089,1.3945821523666382,,,,,,,,,,,,,,
74000,0.4999995827674866,1.3234776258468628,,,,,,,,,,,,,,
74500,0.4999996423721313,3.5306968688964844,,,,,,,,,,,,,,
75000,0.4999996125698089,2.318986892700196,,,,,,,,,,,,,,
75500,0.4999996423721313,1.3640425205230713,,,,,,,,,,,,,,
76000,0.4999996423721313,1.347095012664795,,,,,,,,,,,,,,
76160,,,0.72046875,2.278394012451172,0.63344,2.3765715625,50000.0,0.6167,1.67845546875,10000.0,61793.17218565941,65822.94068861008,61793.17218565941,3831.300248384476,9.277946949005129,0.0
76500,0.4999995827674866,1.420114278793335,,,,,,,,,,,,,,
77000,0.4999995529651642,2.175264596939087,,,,,,,,,,,,,,
77500,0.4999996125698089,1.877791166305542,,,,,,,,,,,,,,
78000,0.4999996423721313,3.727385044097901,,,,,,,,,,,,,,
78500,0.4999996125698089,3.046774387359619,,,,,,,,,,,,,,
79000,0.4999996721744537,1.4029536247253418,,,,,,,,,,,,,,
79490,,,0.68509765625,2.83866455078125,0.61306,2.6923934375,50000.0,0.6165,1.7130814453125,10000.0,64361.67498803139,68552.48768758774,64361.67498803139,3983.537580013275,9.606787919998167,0.0
79500,0.4999996125698089,1.3300814628601074,,,,,,,,,,,,,,
80000,0.4999996125698089,1.5449459552764893,,,,,,,,,,,,,,
80500,0.4999995827674866,1.5910736322402954,,,,,,,,,,,,,,
81000,0.4999996125698089,2.157865524291992,,,,,,,,,,,,,,
81500,0.4999996125698089,1.3329180479049685,,,,,,,,,,,,,,
82000,0.4999996423721313,2.3120787143707275,,,,,,,,,,,,,,
82500,0.4999995827674866,1.222158670425415,,,,,,,,,,,,,,
82666,,,0.73498046875,2.2339772033691405,0.63742,2.43264578125,50000.0,0.6212,1.6881970703125,10000.0,66933.0193309784,71269.16496658325,66933.0193309784,4120.435905694962,9.923115968704224,0.0
83000,0.4999996423721313,1.3570648431777954,,,,,,,,,,,,,,
83500,0.4999995827674866,1.339017391204834,,,,,,,,,,,,,,
84000,0.4999996721744537,1.392489314079285,,,,,,,,,,,,,,
84500,0.4999996423721313,3.597658157348633,,,,,,,,,,,,,,
85000,0.4999996125698089,2.027247905731201,,,,,,,,,,,,,,
85500,0.4999996423721313,1.3629871606826782,,,,,,,,,,,,,,
85838,,,0.7084765625,2.568540344238281,0.61908,2.64155625,50000.0,0.6217,1.6680759765625,10000.0,69504.26203966141,73995.53771471977,69504.26203966141,4266.311295747757,10.376159906387327,0.0
86000,0.4999996721744537,1.4024487733840942,,,,,,,,,,,,,,
86500,0.4999996423721313,1.269100785255432,,,,,,,,,,,,,,
87000,0.4999996423721313,1.3212177753448486,,,,,,,,,,,,,,
87500,0.4999995827674866,1.938180446624756,,,,,,,,,,,,,,
88000,0.4999996125698089,2.253625869750977,,,,,,,,,,,,,,
88500,0.4999996125698089,1.6066205501556396,,,,,,,,,,,,,,
89000,0.4999995827674866,1.3541814088821411,,,,,,,,,,,,,,
89082,,,0.73923828125,2.213905029296875,0.62456,2.56997015625,50000.0,0.6228,1.673147265625,10000.0,72072.62209844589,76714.18280935287,72072.62209844589,4407.885825872421,10.789963960647585,0.0
89500,0.4999995827674866,1.2925138473510742,,,,,,,,,,,,,,
90000,0.4999996423721313,1.944340705871582,,,,,,,,,,,,,,
90500,0.4999995827674866,1.3007527589797974,,,,,,,,,,,,,,
91000,0.4999996721744537,1.3713531494140625,,,,,,,,,,,,,,
91500,0.4999997019767761,3.699317455291748,,,,,,,,,,,,,,
92000,0.4999996721744537,1.3096656799316406,,,,,,,,,,,,,,
92224,,,0.72103515625,2.4955255126953126,0.63528,2.4236353125,50000.0,0.6227,1.670181640625,10000.0,74643.82851338387,79451.50010681152,74643.82851338387,4565.176446676254,11.278878450393677,0.0
92500,0.4999995827674866,2.003863573074341,,,,,,,,,,,,,,
93000,0.4999996423721313,2.415379047393799,,,,,,,,,,,,,,
93500,0.4999996423721313,2.765591144561768,,,,,,,,,,,,,,
94000,0.4999996721744537,1.2334049940109253,,,,,,,,,,,,,,
94500,0.4999996721744537,2.8836469650268555,,,,,,,,,,,,,,
95000,0.4999996423721313,1.3924310207366943,,,,,,,,,,,,,,
95500,0.4999996125698089,1.2897558212280271,,,,,,,,,,,,,,
95603,,,0.75619140625,2.0707742309570314,0.62796,2.645846875,50000.0,0.6269,1.6623095703125,10000.0,77210.85782265663,82175.38922595978,77210.85782265663,4713.230769872665,11.575173377990724,0.0
96000,0.4999997019767761,3.184514045715332,,,,,,,,,,,,,,
96500,0.4999996423721313,1.333088994026184,,,,,,,,,,,,,,
97000,0.4999996721744537,1.2995373010635376,,,,,,,,,,,,,,
97500,0.4999997019767761,3.7180075645446777,,,,,,,,,,,,,,
98000,0.4999997317790985,3.490739345550537,,,,,,,,,,,,,,
98500,0.4999995827674866,1.173065423965454,,,,,,,,,,,,,,
98746,,,0.7453125,2.3645455932617185,0.62078,2.8875203125,50000.0,0.6306,1.6648083984375,10000.0,79778.46589374542,84915.89196419716,79778.46589374542,4877.492128610611,11.848497152328491,0.0
99000,0.4999997317790985,3.367938280105591,,,,,,,,,,,,,,
99500,0.4999996721744537,1.1905455589294434,,,,,,,,,,,,,,
100000,0.4999996125698089,1.5162746906280518,,,,,,,,,,,,,,
100500,0.4999996125698089,1.1451021432876587,,,,,,,,,,,,,,
101000,0.4999996721744537,1.3204824924468994,,,,,,,,,,,,,,
101500,0.4999996721744537,1.3307890892028809,,,,,,,,,,,,,,
102000,0.4999996423721313,1.3507238626480105,,,,,,,,,,,,,,
102025,,,0.72435546875,2.6406915283203123,0.62874,2.642935,50000.0,0.6328,1.66403203125,10000.0,82344.75841236115,87640.1489944458,82344.75841236115,5025.998027563095,12.233155250549316,0.0
102500,0.4999997019767761,1.485764980316162,,,,,,,,,,,,,,
103000,0.4999996423721313,1.071098566055298,,,,,,,,,,,,,,
103500,0.4999996423721313,2.57316517829895,,,,,,,,,,,,,,
104000,0.4999996423721313,1.0278441905975342,,,,,,,,,,,,,,
104500,0.4999996721744537,1.1860451698303225,,,,,,,,,,,,,,
105000,0.4999996125698089,1.1821489334106443,,,,,,,,,,,,,,
105239,,,0.77421875,2.0628004455566407,0.66012,2.18563234375,50000.0,0.6329,1.6799451171875,10000.0,84911.81944584846,90360.26087784769,84911.81944584846,5170.570199251175,12.54542350769043,0.0
105500,0.4999996423721313,2.763124227523804,,,,,,,,,,,,,,
106000,0.4999997019767761,1.8586326837539675,,,,,,,,,,,,,,
106500,0.4999996125698089,1.05022931098938,,,,,,,,,,,,,,
107000,0.4999997019767761,2.947037696838379,,,,,,,,,,,,,,
107500,0.4999996721744537,1.2741403579711914,,,,,,,,,,,,,,
108000,0.4999997019767761,2.7296605110168457,,,,,,,,,,,,,,
108407,,,0.709609375,3.0620135498046874,0.6479,2.51108796875,50000.0,0.635,1.6590978515625,10000.0,87478.88587450981,93080.1224527359,87478.88587450981,5313.689696073532,12.857575178146362,0.0
108500,0.4999996721744537,3.1991119384765625,,,,,,,,,,,,,,
109000,0.4999996721744537,1.6077792644500732,,,,,,,,,,,,,,
109500,0.4999996721744537,1.3535395860671997,,,,,,,,,,,,,,
110000,0.4999996423721313,2.089114189147949,,,,,,,,,,,,,,
110500,0.4999996721744537,1.0785455703735352,,,,,,,,,,,,,,
111000,0.4999996423721313,1.2531802654266355,,,,,,,,,,,,,,
111500,0.4999996721744537,3.12183165550232,,,,,,,,,,,,,,
111719,,,0.74818359375,2.5472946166992188,0.6397,2.67240375,50000.0,0.6391,1.663360546875,10000.0,90045.97619056702,95798.57874584198,90045.97619056702,5456.271093606949,13.28238844871521,0.0
112000,0.4999996721744537,1.283339262008667,,,,,,,,,,,,,,
112500,0.4999997019767761,1.825264573097229,,,,,,,,,,,,,,
113000,0.4999996721744537,1.734885811805725,,,,,,,,,,,,,,
113500,0.4999996721744537,2.9762887954711914,,,,,,,,,,,,,,
114000,0.4999997019767761,1.820704460144043,,,,,,,,,,,,,,
114500,0.4999996423721313,1.0848119258880615,,,,,,,,,,,,,,
114862,,,0.76982421875,2.211178894042969,0.63362,2.6727815625,50000.0,0.6416,1.6446095703125,10000.0,92615.26302433014,98538.27653622629,92615.26302433014,5617.700368642807,13.676774501800535,0.0
115000,0.4999996125698089,1.326971173286438,,,,,,,,,,,,,,
115500,0.4999996721744537,2.407264471054077,,,,,,,,,,,,,,
116000,0.4999996721744537,1.1676881313323977,,,,,,,,,,,,,,
116500,0.4999996423721313,1.0845822095870972,,,,,,,,,,,,,,
117000,0.4999996721744537,2.1475563049316406,,,,,,,,,,,,,,
117500,0.4999996423721313,2.0687484741210938,,,,,,,,,,,,,,
118000,0.4999997019767761,1.1524797677993774,,,,,,,,,,,,,,
118220,,,0.7598046875,2.4921820068359377,0.64602,2.53122203125,50000.0,0.641,1.67543125,10000.0,95188.4490017891,101261.9952890873,95188.4490017891,5759.131661653519,13.992690801620483,0.0
118500,0.4999996423721313,1.8224982023239136,,,,,,,,,,,,,,
119000,0.4999996423721313,1.304859280586243,,,,,,,,,,,,,,
119500,0.4999996423721313,1.2535521984100342,,,,,,,,,,,,,,
120000,0.4999997019767761,2.586952447891236,,,,,,,,,,,,,,
120500,0.4999996423721313,1.180744171142578,,,,,,,,,,,,,,
121000,0.4999997317790985,2.7898995876312256,,,,,,,,,,,,,,
121348,,,,,,,,,,,97758.78199744225,,,,,0.0
