global_step,grad_norm,loss,train/ssim,train/loss,validation/ssim,validation/loss,validation/num_examples,test/ssim,test/loss,test/num_examples,score,total_duration,accumulated_submission_time,accumulated_eval_time,accumulated_logging_time,preemption_count
0,0.4999998807907104,1.1081552505493164,,,,,,,,,,,,,,
1,,,0.2339261770248413,1.0799249921526228,0.2287525355178584,1.0797452309457654,3554.0,0.2514865239283719,1.076364542245532,3581.0,290.30148816108704,1080.350521326065,290.30148816108704,789.4131972789764,0.0,0.0
1,0.4999999105930328,1.0785973072052002,,,,,,,,,,,,,,
2,0.4999998807907104,1.1768782138824463,,,,,,,,,,,,,,
3,0.4999999105930328,1.12992525100708,,,,,,,,,,,,,,
4,0.4999998807907104,1.0434380769729614,,,,,,,,,,,,,,
5,0.4999999701976776,1.0646295547485352,,,,,,,,,,,,,,
6,0.4999998807907104,1.0232162475585938,,,,,,,,,,,,,,
7,0.4999999105930328,1.016793966293335,,,,,,,,,,,,,,
8,0.4999999105930328,1.0414714813232422,,,,,,,,,,,,,,
9,0.4999999701976776,1.064249873161316,,,,,,,,,,,,,,
10,0.4999998807907104,1.0823047161102295,,,,,,,,,,,,,,
11,0.4999999105930328,1.002492904663086,,,,,,,,,,,,,,
12,0.4999999403953552,0.9713037610054016,,,,,,,,,,,,,,
13,0.4999999105930328,0.9962727427482604,,,,,,,,,,,,,,
14,0.4999999105930328,0.90859454870224,,,,,,,,,,,,,,
15,0.4999999105930328,0.9488705992698668,,,,,,,,,,,,,,
16,0.4999998807907104,0.8736158609390259,,,,,,,,,,,,,,
17,0.4999999403953552,0.8205077648162842,,,,,,,,,,,,,,
18,0.4999999105930328,0.833345890045166,,,,,,,,,,,,,,
19,0.4999998807907104,0.8063108921051025,,,,,,,,,,,,,,
20,0.4999998807907104,0.7079224586486816,,,,,,,,,,,,,,
21,0.4999998807907104,0.7727233171463013,,,,,,,,,,,,,,
22,0.4999998807907104,0.7380266189575195,,,,,,,,,,,,,,
23,0.4999998211860657,0.7304918766021729,,,,,,,,,,,,,,
24,0.4999998807907104,0.6749253273010254,,,,,,,,,,,,,,
25,0.4999999105930328,0.7160019874572754,,,,,,,,,,,,,,
26,0.4999998807907104,0.6380528211593628,,,,,,,,,,,,,,
27,0.4999998211860657,0.554655909538269,,,,,,,,,,,,,,
28,0.499999850988388,0.5496693253517151,,,,,,,,,,,,,,
29,0.4999997913837433,0.5615742802619934,,,,,,,,,,,,,,
30,0.4999997615814209,0.6432264447212219,,,,,,,,,,,,,,
31,0.4999997615814209,0.4978024661540985,,,,,,,,,,,,,,
32,0.4999997615814209,0.5373214483261108,,,,,,,,,,,,,,
33,0.4999997019767761,0.5251039266586304,,,,,,,,,,,,,,
34,0.4999996125698089,0.4800235033035278,,,,,,,,,,,,,,
35,0.4999996125698089,0.5725858211517334,,,,,,,,,,,,,,
36,0.4999995529651642,0.5278684496879578,,,,,,,,,,,,,,
37,0.4999995827674866,0.4697177112102508,,,,,,,,,,,,,,
38,0.4999995231628418,0.4985052347183227,,,,,,,,,,,,,,
39,0.4999994933605194,0.4244705438613891,,,,,,,,,,,,,,
40,0.4999995529651642,0.5063938498497009,,,,,,,,,,,,,,
41,0.4999994337558746,0.4597605168819427,,,,,,,,,,,,,,
42,0.4999994337558746,0.4549067616462707,,,,,,,,,,,,,,
43,0.4999993443489074,0.4223656058311462,,,,,,,,,,,,,,
44,0.4999993741512298,0.4939118027687073,,,,,,,,,,,,,,
45,0.4999993145465851,0.4136666357517242,,,,,,,,,,,,,,
46,0.4999993145465851,0.4049874246120453,,,,,,,,,,,,,,
47,0.4999993145465851,0.3753580749034881,,,,,,,,,,,,,,
48,0.4999993443489074,0.3764153122901916,,,,,,,,,,,,,,
49,0.4999991655349731,0.347893089056015,,,,,,,,,,,,,,
50,0.4999991357326507,0.3435656428337097,,,,,,,,,,,,,,
51,0.4999991059303283,0.4201190173625946,,,,,,,,,,,,,,
52,0.4734143614768982,0.3896864652633667,,,,,,,,,,,,,,
53,0.4785937368869781,0.430257648229599,,,,,,,,,,,,,,
54,0.4699024558067322,0.4783186912536621,,,,,,,,,,,,,,
55,0.3565322458744049,0.3279225826263428,,,,,,,,,,,,,,
56,0.3457771837711334,0.3634841442108154,,,,,,,,,,,,,,
57,0.3313118517398834,0.350909948348999,,,,,,,,,,,,,,
58,0.3379040956497192,0.3702247738838196,,,,,,,,,,,,,,
59,0.3108236491680145,0.4967491030693054,,,,,,,,,,,,,,
60,0.2405172139406204,0.2905246317386627,,,,,,,,,,,,,,
61,0.2522402107715606,0.4202077984809875,,,,,,,,,,,,,,
62,0.2357970625162124,0.3694621324539184,,,,,,,,,,,,,,
63,0.4999991357326507,0.2911971807479858,,,,,,,,,,,,,,
64,0.3209320306777954,0.392183244228363,,,,,,,,,,,,,,
65,0.3501589298248291,0.3896358907222748,,,,,,,,,,,,,,
66,0.2887351512908935,0.3142067790031433,,,,,,,,,,,,,,
67,0.2559711933135986,0.3353002071380615,,,,,,,,,,,,,,
68,0.2662881314754486,0.3303663730621338,,,,,,,,,,,,,,
69,0.2644275426864624,0.3205923438072204,,,,,,,,,,,,,,
70,0.1819915473461151,0.4956918358802795,,,,,,,,,,,,,,
71,0.2316367179155349,0.3146605491638183,,,,,,,,,,,,,,
72,0.1449979394674301,0.3323437571525574,,,,,,,,,,,,,,
73,0.2141172289848327,0.3500179350376129,,,,,,,,,,,,,,
74,0.2069117575883865,0.3684740662574768,,,,,,,,,,,,,,
75,0.2181655168533325,0.3558275103569031,,,,,,,,,,,,,,
76,0.3201864063739776,0.3413769006729126,,,,,,,,,,,,,,
77,0.2983414530754089,0.3123767673969269,,,,,,,,,,,,,,
78,0.1668510735034942,0.324523389339447,,,,,,,,,,,,,,
79,0.2980174720287323,0.4433121681213379,,,,,,,,,,,,,,
80,0.2302280962467193,0.3247919976711273,,,,,,,,,,,,,,
81,0.2480916380882263,0.2837578058242798,,,,,,,,,,,,,,
82,0.2186867147684097,0.4933047294616699,,,,,,,,,,,,,,
83,0.1834696233272552,0.4054867923259735,,,,,,,,,,,,,,
84,0.3086604177951813,0.3230853974819183,,,,,,,,,,,,,,
85,0.2139575183391571,0.3393326997756958,,,,,,,,,,,,,,
86,0.2726187109947204,0.3452920913696289,,,,,,,,,,,,,,
87,0.2928954064846039,0.3783559799194336,,,,,,,,,,,,,,
88,0.2524510324001312,0.3916860222816467,,,,,,,,,,,,,,
89,0.2531600594520569,0.3720566034317016,,,,,,,,,,,,,,
90,0.3003628551959991,0.309761643409729,,,,,,,,,,,,,,
91,0.170716106891632,0.3550843000411987,,,,,,,,,,,,,,
92,0.3030963540077209,0.4095505774021148,,,,,,,,,,,,,,
93,0.2060152143239975,0.4376005530357361,,,,,,,,,,,,,,
94,0.3110111653804779,0.4048498272895813,,,,,,,,,,,,,,
95,0.2084292918443679,0.3387356698513031,,,,,,,,,,,,,,
96,0.2003153860569,0.3752183020114898,,,,,,,,,,,,,,
97,0.3460724055767059,0.3213383555412292,,,,,,,,,,,,,,
98,0.1913070678710937,0.3953431248664856,,,,,,,,,,,,,,
99,0.2402877807617187,0.3142718374729156,,,,,,,,,,,,,,
100,0.2332469224929809,0.2579681575298309,,,,,,,,,,,,,,
265,,,0.7135448455810547,0.2963003771645682,0.6889925276756823,0.3176315556635129,3554.0,0.7065782842606814,0.3197439748193591,3581.0,399.7377872467041,1198.9923601150513,399.7377872467041,797.2729263305664,0.0454843044281005,0.0
328,,,0.721343994140625,0.2902473381587437,0.6961671295767093,0.3113961120502427,3554.0,0.7138226681400097,0.3135263655512601,3581.0,511.3699195384979,1318.5673644542694,511.3699195384979,804.0663478374481,0.0765845775604248,0.0
395,,,0.7220333644321987,0.2890457085200718,0.6983517553944499,0.3094093610412563,3554.0,0.7155941705136484,0.3116902998791364,3581.0,621.8826193809509,1437.9666678905487,621.8826193809509,811.7989797592163,0.1067264080047607,0.0
460,,,0.7258890015738351,0.2857875483376639,0.700805045811058,0.3066876808041995,3554.0,0.7179462653370218,0.3090552037336812,3581.0,732.0183448791504,1557.0150799751282,732.0183448791504,819.5625236034393,0.1371378898620605,0.0
500,0.2664721310138702,0.2519465386867523,,,,,,,,,,,,,,
526,,,0.7302299908229283,0.2826956680842808,0.7050498228228756,0.3035350793120427,3554.0,0.7223764529810109,0.305638768958566,3581.0,841.8979823589325,1675.794003725052,841.8979823589325,827.3092002868652,0.1681602001190185,0.0
599,,,0.7273873601640973,0.2828923463821411,0.7033286108082443,0.3033684948957161,3554.0,0.7207503032497906,0.3053292469151424,3581.0,952.068657398224,1794.8776230812073,952.068657398224,835.0769908428192,0.1985435485839843,0.0
667,,,0.733936037336077,0.2799873181751796,0.7085141604310284,0.3010223680623944,3554.0,0.7256016181321558,0.3032228266916538,3581.0,1062.5406551361084,1914.760534286499,1062.5406551361084,843.3068838119507,0.2318663597106933,0.0
731,,,0.7337468692234584,0.2794912202017648,0.7086373298572032,0.3003423945180606,3554.0,0.7259842255567579,0.3023471315624127,3581.0,1173.0753722190857,2034.258635044098,1173.0753722190857,851.1057827472687,0.2652225494384765,0.0
800,,,0.7359416144234794,0.2779566901070731,0.7105753420441756,0.2989743071187394,3554.0,0.7276828470792027,0.3010443778252408,3581.0,1284.2708780765531,2154.6357412338257,1284.2708780765531,859.098197221756,0.296309232711792,0.0
864,,,0.7358097348894391,0.2772273676736014,0.7106857342738815,0.2981984015589828,3554.0,0.7278560839761938,0.3002523013713872,3581.0,1394.8430495262146,2273.898585319519,1394.8430495262146,866.6306080818176,0.3343243598937988,0.0
935,,,0.735457352229527,0.2781445639474051,0.7099429395135762,0.2993945120155107,3554.0,0.7269426530647863,0.3014664936252094,3581.0,1504.4105689525604,2393.2043352127075,1504.4105689525604,875.186728477478,0.3900284767150879,0.0
1000,0.1194661036133766,0.2587668895721435,,,,,,,,,,,,,,
1500,0.2341169118881225,0.2617012858390808,,,,,,,,,,,,,,
2000,0.2011666297912597,0.2566850781440735,,,,,,,,,,,,,,
2053,,,0.7436562946864537,0.2696697541645595,0.7178362243686691,0.291437341178074,3554.0,0.7350217238114354,0.2930827413781067,3581.0,1613.449716091156,2511.1351025104523,1613.449716091156,882.5525469779968,0.4228317737579345,0.0
2500,0.0770029053092002,0.3133792281150818,,,,,,,,,,,,,,
3000,0.1824527084827423,0.2686337232589721,,,,,,,,,,,,,,
3500,0.3138976097106933,0.2790932357311249,,,,,,,,,,,,,,
4000,0.0752410367131233,0.2707517147064209,,,,,,,,,,,,,,
4314,,,0.7471103668212891,0.2660341433116368,0.7213369701172974,0.2878547458079804,3554.0,0.7384776669619171,0.2893549097013753,3581.0,1722.1367993354795,2629.9385311603546,1722.1367993354795,890.7848875522614,0.4526228904724121,0.0
4500,0.1756899803876876,0.3499250710010528,,,,,,,,,,,,,,
5000,0.0986221730709075,0.2865172028541565,,,,,,,,,,,,,,
5500,0.0287026390433311,0.2350960671901703,,,,,,,,,,,,,,
6000,0.0737940371036529,0.2740726172924042,,,,,,,,,,,,,,
6500,0.1879979074001312,0.2108557820320129,,,,,,,,,,,,,,
6574,,,0.7507352828979492,0.2638390064239502,0.723855657797552,0.2865405664996747,3554.0,0.740998703552604,0.2879841497443102,3581.0,1830.8125085830688,2746.4348096847534,1830.8125085830688,896.7056200504303,0.4837269783020019,0.0
6574,,,,,,,,,,,1830.8125085830688,,,,,0.0
