global_step,grad_norm,loss,train/accuracy,train/loss,train/mean_average_precision,validation/accuracy,validation/loss,validation/mean_average_precision,validation/num_examples,test/accuracy,test/loss,test/mean_average_precision,test/num_examples,score,total_duration,accumulated_submission_time,accumulated_eval_time,accumulated_logging_time,preemption_count
0,2.7315114,0.7783589,,,,,,,,,,,,,,,,,
1,,,0.4533552825450897,0.7773282527923584,0.0216686089782616,0.448541522026062,0.780256986618042,0.0277001064605993,43793.0,0.4468294084072113,0.780686616897583,0.0275206676204481,43793.0,10.762229442596436,214.87293481826785,10.762229442596436,204.1106009483337,0.0,0.0
100,0.52357954,0.46257094,,,,,,,,,,,,,,,,,
200,0.35038826,0.314252,,,,,,,,,,,,,,,,,
300,0.2153273,0.19119193,,,,,,,,,,,,,,,,,
400,0.11477449,0.12225153,,,,,,,,,,,,,,,,,
500,0.06575263,0.07898205,,,,,,,,,,,,,,,,,
600,0.037046637,0.06935741,,,,,,,,,,,,,,,,,
700,0.08443669,0.06525075,,,,,,,,,,,,,,,,,
800,0.07073423,0.050000366,,,,,,,,,,,,,,,,,
900,0.14709324,0.05707551,,,,,,,,,,,,,,,,,
1000,0.40280536,0.049608886,,,,,,,,,,,,,,,,,
1100,0.12094301,0.04808048,,,,,,,,,,,,,,,,,
1140,,,0.9868268966674804,0.0515288785099983,0.0671400755987653,0.9842774868011476,0.0612512305378913,0.0671400243002776,43793.0,0.983289897441864,0.0644949600100517,0.0674123032600958,43793.0,250.90052938461304,531.0943324565887,250.90052938461304,280.14541029930115,0.0168542861938476,0.0
1200,0.086345986,0.048831705,,,,,,,,,,,,,,,,,
1300,0.20518301,0.051287033,,,,,,,,,,,,,,,,,
1400,0.08278002,0.04925477,,,,,,,,,,,,,,,,,
1500,0.08940228,0.045968708,,,,,,,,,,,,,,,,,
1600,0.19624123,0.050359607,,,,,,,,,,,,,,,,,
1700,0.102154225,0.051883224,,,,,,,,,,,,,,,,,
1800,0.045740753,0.041057717,,,,,,,,,,,,,,,,,
1900,0.1788246,0.051780153,,,,,,,,,,,,,,,,,
2000,0.066265404,0.04777639,,,,,,,,,,,,,,,,,
2100,0.14393601,0.05213559,,,,,,,,,,,,,,,,,
2200,0.07714072,0.04274296,,,,,,,,,,,,,,,,,
2278,,,0.9878330230712892,0.0434701852500438,0.1442274770458427,0.985009789466858,0.0528551004827022,0.1411939369849712,43793.0,0.984050989151001,0.0558428987860679,0.1429794800444825,43793.0,491.0461535453797,848.390426158905,491.0461535453797,357.2478201389313,0.034290075302124,0.0
2300,0.043102395,0.04370823,,,,,,,,,,,,,,,,,
2400,0.2719117,0.04582697,,,,,,,,,,,,,,,,,
2500,0.11327114,0.04720359,,,,,,,,,,,,,,,,,
2600,0.13768062,0.043776464,,,,,,,,,,,,,,,,,
2700,0.05997902,0.05018201,,,,,,,,,,,,,,,,,
2800,0.08173354,0.04091293,,,,,,,,,,,,,,,,,
2900,0.11552883,0.045975145,,,,,,,,,,,,,,,,,
3000,0.071162835,0.042854007,,,,,,,,,,,,,,,,,
3100,0.051034592,0.040419042,,,,,,,,,,,,,,,,,
3200,0.034022715,0.04168833,,,,,,,,,,,,,,,,,
3300,0.06704748,0.044178363,,,,,,,,,,,,,,,,,
3400,0.05297783,0.04349825,,,,,,,,,,,,,,,,,
3444,,,0.9882678985595704,0.0408351123332977,0.1917620474482284,0.9854303598403932,0.0503644458949565,0.173224285906391,43793.0,0.9845210313796996,0.0531259663403034,0.1704825687669865,43793.0,731.1531708240509,1164.4773681163788,731.1531708240509,433.1788873672485,0.0519802570343017,0.0
3500,0.038641736,0.041903093,,,,,,,,,,,,,,,,,
3600,0.032721225,0.04088715,,,,,,,,,,,,,,,,,
3700,0.052619364,0.043291975,,,,,,,,,,,,,,,,,
3800,0.07219189,0.039456047,,,,,,,,,,,,,,,,,
3900,0.062102627,0.048309196,,,,,,,,,,,,,,,,,
4000,0.07712749,0.042870484,,,,,,,,,,,,,,,,,
4100,0.03520575,0.041877225,,,,,,,,,,,,,,,,,
4200,0.052674774,0.043072835,,,,,,,,,,,,,,,,,
4300,0.051562864,0.0470447,,,,,,,,,,,,,,,,,
4400,0.06083309,0.042801518,,,,,,,,,,,,,,,,,
4500,0.041036602,0.04064269,,,,,,,,,,,,,,,,,
4600,0.043462656,0.043273915,,,,,,,,,,,,,,,,,
4621,,,0.9884931445121764,0.0395580157637596,0.2097945090421281,0.9857173562049866,0.0486603453755378,0.1858504710063005,43793.0,0.9848702549934388,0.0512337051331996,0.1898494918454024,43793.0,971.2248680591584,1480.6959273815155,971.2248680591584,509.2780182361603,0.070737600326538,0.0
4700,0.08538047,0.04408583,,,,,,,,,,,,,,,,,
4800,0.022133432,0.038255826,,,,,,,,,,,,,,,,,
4900,0.036583956,0.041726153,,,,,,,,,,,,,,,,,
5000,0.07404015,0.045039702,,,,,,,,,,,,,,,,,
5100,0.042869784,0.03932175,,,,,,,,,,,,,,,,,
5200,0.03636256,0.044479903,,,,,,,,,,,,,,,,,
5300,0.03173804,0.04660342,,,,,,,,,,,,,,,,,
5400,0.02764056,0.03930041,,,,,,,,,,,,,,,,,
5500,0.059491795,0.039735958,,,,,,,,,,,,,,,,,
5600,0.043519948,0.042828213,,,,,,,,,,,,,,,,,
5700,0.027101489,0.043364517,,,,,,,,,,,,,,,,,
5780,,,0.98873770236969,0.0382638722658157,0.2524248448575812,0.9857810735702516,0.048169981688261,0.2077936551110407,43793.0,0.984925389289856,0.0509464927017688,0.205052731479209,43793.0,1211.2083296775818,1794.8235669136047,1211.2083296775818,583.3696949481964,0.0901966094970703,0.0
5800,0.04016804,0.04050635,,,,,,,,,,,,,,,,,
5900,0.021515863,0.039201643,,,,,,,,,,,,,,,,,
6000,0.026809422,0.041570652,,,,,,,,,,,,,,,,,
6100,0.023406312,0.04330487,,,,,,,,,,,,,,,,,
6200,0.032260414,0.04210841,,,,,,,,,,,,,,,,,
6300,0.073160276,0.04152593,,,,,,,,,,,,,,,,,
6400,0.041572344,0.040346064,,,,,,,,,,,,,,,,,
6500,0.04270705,0.045388993,,,,,,,,,,,,,,,,,
6600,0.028310534,0.040439893,,,,,,,,,,,,,,,,,
6700,0.020791976,0.039718077,,,,,,,,,,,,,,,,,
6800,0.02118459,0.034278803,,,,,,,,,,,,,,,,,
6900,0.026844634,0.039404176,,,,,,,,,,,,,,,,,
6933,,,0.9890442490577698,0.0373197644948959,0.2524225965293105,0.986157774925232,0.0468124710023403,0.214355077531311,43793.0,0.985277533531189,0.0492009744048118,0.2180327433058284,43793.0,1451.166642665863,2108.6690390110016,1451.166642665863,657.2061231136322,0.1088755130767822,0.0
7000,0.036236014,0.038294077,,,,,,,,,,,,,,,,,
7100,0.057627503,0.04334651,,,,,,,,,,,,,,,,,
7200,0.031105444,0.040675335,,,,,,,,,,,,,,,,,
7300,0.030713031,0.04269364,,,,,,,,,,,,,,,,,
7400,0.027978001,0.040093876,,,,,,,,,,,,,,,,,
7500,0.034620926,0.039677534,,,,,,,,,,,,,,,,,
7600,0.020560792,0.039330073,,,,,,,,,,,,,,,,,
7700,0.05403054,0.043739386,,,,,,,,,,,,,,,,,
7800,0.02419537,0.04431893,,,,,,,,,,,,,,,,,
7900,0.0307202,0.040438246,,,,,,,,,,,,,,,,,
8000,0.021494856,0.03969382,,,,,,,,,,,,,,,,,
8098,,,0.9895936846733092,0.0353804118931293,0.2910443609191573,0.9863229990005492,0.0458012670278549,0.2325695111633103,43793.0,0.9854413866996764,0.0483245961368083,0.2233305009012192,43793.0,1691.2323768138883,2423.8861384391785,1691.2323768138883,732.3043532371521,0.1295475959777832,0.0
8100,0.029409252,0.04084253,,,,,,,,,,,,,,,,,
8200,0.03072047,0.036508936,,,,,,,,,,,,,,,,,
8300,0.019107234,0.039052602,,,,,,,,,,,,,,,,,
8400,0.034684166,0.039504755,,,,,,,,,,,,,,,,,
8500,0.025958054,0.039971266,,,,,,,,,,,,,,,,,
8600,0.03542664,0.03750674,,,,,,,,,,,,,,,,,
8700,0.031529877,0.037343215,,,,,,,,,,,,,,,,,
8800,0.033159878,0.04018346,,,,,,,,,,,,,,,,,
8900,0.028622245,0.038532235,,,,,,,,,,,,,,,,,
9000,0.037712924,0.03986643,,,,,,,,,,,,,,,,,
9100,0.0312791,0.03914373,,,,,,,,,,,,,,,,,
9200,0.026511475,0.034786597,,,,,,,,,,,,,,,,,
9252,,,0.9897444248199464,0.0346771851181983,0.3009583032531824,0.9864492416381836,0.0453934259712696,0.2326001934898555,43793.0,0.98558247089386,0.0478903874754905,0.2277999287219092,43793.0,1931.3781192302704,2741.8279597759247,1931.3781192302704,810.0505945682526,0.1483473777770996,0.0
9300,0.02866224,0.040920973,,,,,,,,,,,,,,,,,
9400,0.030745199,0.037509665,,,,,,,,,,,,,,,,,
9500,0.02216019,0.033953186,,,,,,,,,,,,,,,,,
9600,0.019741453,0.037342824,,,,,,,,,,,,,,,,,
9700,0.03026124,0.040065095,,,,,,,,,,,,,,,,,
9800,0.028830472,0.042696163,,,,,,,,,,,,,,,,,
9900,0.044294402,0.03535974,,,,,,,,,,,,,,,,,
10000,0.051003225,0.036926664,,,,,,,,,,,,,,,,,
10100,0.029284254,0.035190266,,,,,,,,,,,,,,,,,
10200,0.03775527,0.040382143,,,,,,,,,,,,,,,,,
10300,0.035732225,0.038521104,,,,,,,,,,,,,,,,,
10400,0.02511897,0.03313748,,,,,,,,,,,,,,,,,
10422,,,0.9899512529373168,0.0335799716413021,0.3383968029649951,0.9864715933799744,0.0453092195093631,0.2381497585645558,43793.0,0.9857105016708374,0.0477352291345596,0.2397938027003563,43793.0,2171.4511201381683,3056.9107139110565,2171.4511201381683,885.0073554515839,0.1666316986083984,0.0
10500,0.038610574,0.040021893,,,,,,,,,,,,,,,,,
10600,0.029149447,0.037355006,,,,,,,,,,,,,,,,,
10700,0.03231668,0.037943956,,,,,,,,,,,,,,,,,
10800,0.030440599,0.04254616,,,,,,,,,,,,,,,,,
10900,0.02465625,0.03593819,,,,,,,,,,,,,,,,,
11000,0.0369009,0.035719972,,,,,,,,,,,,,,,,,
11100,0.042794954,0.034943514,,,,,,,,,,,,,,,,,
11200,0.03045186,0.03529553,,,,,,,,,,,,,,,,,
11300,0.034377906,0.035436064,,,,,,,,,,,,,,,,,
11400,0.03927633,0.035949025,,,,,,,,,,,,,,,,,
11500,0.030098543,0.035817377,,,,,,,,,,,,,,,,,
11597,,,0.9900012612342834,0.0332836508750915,0.3522385197734745,0.9865710139274596,0.0450561866164207,0.240869697217317,43793.0,0.9857231378555298,0.0477660968899726,0.242269357819331,43793.0,2411.444804430008,3371.7409329414368,2411.444804430008,959.7899127006532,0.1872787475585937,0.0
11600,0.04177619,0.039497394,,,,,,,,,,,,,,,,,
11700,0.024408266,0.03522928,,,,,,,,,,,,,,,,,
11800,0.051230874,0.038462542,,,,,,,,,,,,,,,,,
11900,0.04889203,0.03352483,,,,,,,,,,,,,,,,,
12000,0.0333039,0.032952648,,,,,,,,,,,,,,,,,
12100,0.03513061,0.03869371,,,,,,,,,,,,,,,,,
12200,0.04002556,0.03785274,,,,,,,,,,,,,,,,,
12300,0.052049533,0.036324505,,,,,,,,,,,,,,,,,
12400,0.051529523,0.034915704,,,,,,,,,,,,,,,,,
12500,0.04950648,0.038130153,,,,,,,,,,,,,,,,,
12600,0.044117354,0.034770355,,,,,,,,,,,,,,,,,
12700,0.080106124,0.036548954,,,,,,,,,,,,,,,,,
12758,,,0.9904212355613708,0.0317538157105445,0.3664280707457371,0.9866436719894408,0.0447407476603984,0.2493593571368245,43793.0,0.9857656955718994,0.04764936119318,0.2371957918829869,43793.0,2651.574304103852,3687.265855550766,2651.574304103852,1035.1336002349854,0.206324815750122,0.0
12800,0.040993888,0.037085578,,,,,,,,,,,,,,,,,
12900,0.03990209,0.03504749,,,,,,,,,,,,,,,,,
13000,0.060136367,0.033429295,,,,,,,,,,,,,,,,,
13100,0.03811121,0.034450024,,,,,,,,,,,,,,,,,
13200,0.04155962,0.0337369,,,,,,,,,,,,,,,,,
13300,0.0453448,0.034838516,,,,,,,,,,,,,,,,,
13400,0.047423612,0.033703197,,,,,,,,,,,,,,,,,
13500,0.0437876,0.03447176,,,,,,,,,,,,,,,,,
13600,0.039141983,0.037848018,,,,,,,,,,,,,,,,,
13700,0.041841693,0.034655377,,,,,,,,,,,,,,,,,
13800,0.06402351,0.03530055,,,,,,,,,,,,,,,,,
13900,0.07322848,0.037800755,,,,,,,,,,,,,,,,,
13914,,,0.9902939796447754,0.0321912951767444,0.3675096703259141,0.9867833256721495,0.0446091517806053,0.2581903222394672,43793.0,0.9859147667884828,0.0472097508609294,0.2591771521376023,43793.0,2891.692756175995,4001.597636461258,2891.692756175995,1109.2941818237305,0.2255704402923584,0.0
14000,0.051618997,0.034183536,,,,,,,,,,,,,,,,,
14100,0.059381302,0.037173513,,,,,,,,,,,,,,,,,
14200,0.060229998,0.035811916,,,,,,,,,,,,,,,,,
14300,0.057179257,0.033758905,,,,,,,,,,,,,,,,,
14400,0.045093216,0.03459442,,,,,,,,,,,,,,,,,
14500,0.05384561,0.036212694,,,,,,,,,,,,,,,,,
14600,0.05128586,0.036103427,,,,,,,,,,,,,,,,,
14700,0.055049043,0.03905867,,,,,,,,,,,,,,,,,
14800,0.05709141,0.037609685,,,,,,,,,,,,,,,,,
14900,0.14407836,0.03656695,,,,,,,,,,,,,,,,,
15000,0.05825158,0.03390898,,,,,,,,,,,,,,,,,
15073,,,0.9906931519508362,0.0305462162941694,0.4021203702152252,0.9867151379585266,0.0446142219007015,0.2567801920907093,43793.0,0.9858583807945251,0.0472177565097808,0.2488253807565136,43793.0,3131.734242916107,4316.502843618393,3131.734242916107,1184.109183549881,0.2445306777954101,0.0
15100,0.04748919,0.032144703,,,,,,,,,,,,,,,,,
15200,0.04363968,0.031257004,,,,,,,,,,,,,,,,,
15300,0.049289253,0.03413542,,,,,,,,,,,,,,,,,
15400,0.08260574,0.034953948,,,,,,,,,,,,,,,,,
15500,0.04564946,0.03418744,,,,,,,,,,,,,,,,,
15600,0.046904296,0.032617252,,,,,,,,,,,,,,,,,
15700,0.07341938,0.033145137,,,,,,,,,,,,,,,,,
15800,0.055902593,0.03843238,,,,,,,,,,,,,,,,,
15900,0.055894356,0.035719562,,,,,,,,,,,,,,,,,
16000,0.07754074,0.037472297,,,,,,,,,,,,,,,,,
16100,0.0651147,0.034098838,,,,,,,,,,,,,,,,,
16200,0.087792784,0.03289341,,,,,,,,,,,,,,,,,
16208,,,0.9906432032585144,0.0310654789209365,0.3930361016328005,0.9867350459098816,0.0443537831306457,0.2675796817471025,43793.0,0.9859114289283752,0.0471425242722034,0.2543949258199262,43793.0,3371.720043897629,4629.707128286362,3371.720043897629,1257.2761113643646,0.2651910781860351,0.0
16300,0.059959296,0.033785857,,,,,,,,,,,,,,,,,
16400,0.05531013,0.03179889,,,,,,,,,,,,,,,,,
16500,0.055980407,0.03306713,,,,,,,,,,,,,,,,,
16600,0.049724974,0.03527725,,,,,,,,,,,,,,,,,
16700,0.102066524,0.0390238,,,,,,,,,,,,,,,,,
16800,0.050167527,0.035952225,,,,,,,,,,,,,,,,,
16900,0.05373485,0.03388106,,,,,,,,,,,,,,,,,
17000,0.067071736,0.029530054,,,,,,,,,,,,,,,,,
17100,0.05926284,0.03354499,,,,,,,,,,,,,,,,,
17200,0.05449386,0.033973634,,,,,,,,,,,,,,,,,
17300,0.06740699,0.03480078,,,,,,,,,,,,,,,,,
17351,,,0.9909688830375672,0.0294083282351493,0.4370556875225981,0.9868064522743224,0.0445091649889946,0.2664873621912444,43793.0,0.9859514236450196,0.0473293997347354,0.2582068606871591,43793.0,3611.853848695755,4942.64346575737,3611.853848695755,1330.0252051353457,0.2848587036132812,0.0
17400,0.060618337,0.032516576,,,,,,,,,,,,,,,,,
17500,0.063544646,0.033563692,,,,,,,,,,,,,,,,,
17600,0.08655887,0.034681134,,,,,,,,,,,,,,,,,
17700,0.055446114,0.034909748,,,,,,,,,,,,,,,,,
17800,0.06396966,0.033438414,,,,,,,,,,,,,,,,,
17900,0.0750643,0.033248313,,,,,,,,,,,,,,,,,
18000,0.070906416,0.032735057,,,,,,,,,,,,,,,,,
18100,0.114044994,0.03384486,,,,,,,,,,,,,,,,,
18200,0.1033252,0.03309466,,,,,,,,,,,,,,,,,
18300,0.06623249,0.03554523,,,,,,,,,,,,,,,,,
18400,0.058233425,0.035108987,,,,,,,,,,,,,,,,,
18500,0.060297403,0.03392704,,,,,,,,,,,,,,,,,
18502,,,0.990720272064209,0.0304784700274467,0.4041112308421484,0.9868020415306092,0.0445795319974422,0.2559727922854657,43793.0,0.9858823418617249,0.0473014935851097,0.258568121276326,43793.0,3851.997809410095,5259.272873401642,3851.997809410095,1406.4581809043884,0.3060381412506103,0.0
18600,0.1002062,0.03269681,,,,,,,,,,,,,,,,,
18700,0.062645346,0.033604063,,,,,,,,,,,,,,,,,
18800,0.071205914,0.03518599,,,,,,,,,,,,,,,,,
18900,0.07081805,0.03678255,,,,,,,,,,,,,,,,,
19000,0.076546416,0.033262268,,,,,,,,,,,,,,,,,
19100,0.07483962,0.030578513,,,,,,,,,,,,,,,,,
19200,0.06858465,0.035091672,,,,,,,,,,,,,,,,,
19300,0.07252355,0.0340863,,,,,,,,,,,,,,,,,
19400,0.07184719,0.032646988,,,,,,,,,,,,,,,,,
19500,0.05457759,0.030491298,,,,,,,,,,,,,,,,,
19600,0.06825202,0.035634883,,,,,,,,,,,,,,,,,
19659,,,0.9911894798278807,0.0285438280552625,0.4433005545019544,0.9866639971733092,0.0450361631810665,0.2606181092650766,43793.0,0.9858912229537964,0.0478348955512046,0.2585376472384642,43793.0,4091.9764292240143,5575.704982995987,4091.9764292240143,1482.8607847690582,0.3279347419738769,0.0
19700,0.062142435,0.037072852,,,,,,,,,,,,,,,,,
19800,0.06900249,0.03285304,,,,,,,,,,,,,,,,,
19900,0.080658324,0.035764992,,,,,,,,,,,,,,,,,
20000,0.061188944,0.032887742,,,,,,,,,,,,,,,,,
20100,0.068963304,0.029632634,,,,,,,,,,,,,,,,,
20200,0.10471131,0.031051869,,,,,,,,,,,,,,,,,
20300,0.09017942,0.03522582,,,,,,,,,,,,,,,,,
20400,0.08115767,0.032866176,,,,,,,,,,,,,,,,,
20500,0.084976465,0.032496404,,,,,,,,,,,,,,,,,
20600,0.13388811,0.03416871,,,,,,,,,,,,,,,,,
20700,0.08567844,0.034484908,,,,,,,,,,,,,,,,,
20800,0.07595669,0.03160837,,,,,,,,,,,,,,,,,
20815,,,0.991061806678772,0.0294393952935934,0.4246074474291503,0.9866542816162108,0.044463463127613,0.2615110946879504,43793.0,0.9858777523040771,0.0469561293721199,0.2592480849026201,43793.0,4331.9673771858215,5889.291003704071,4331.9673771858215,1556.4035575389862,0.3504455089569092,0.0
20900,0.0672076,0.034293097,,,,,,,,,,,,,,,,,
21000,0.09351717,0.03359612,,,,,,,,,,,,,,,,,
21100,0.08753267,0.033503357,,,,,,,,,,,,,,,,,
21200,0.0874734,0.03302974,,,,,,,,,,,,,,,,,
21300,0.06251146,0.030996762,,,,,,,,,,,,,,,,,
21400,0.06896688,0.032473125,,,,,,,,,,,,,,,,,
21500,0.07652685,0.0312922,,,,,,,,,,,,,,,,,
21600,0.09994751,0.03494628,,,,,,,,,,,,,,,,,
21700,0.073943354,0.033370953,,,,,,,,,,,,,,,,,
21800,0.0746243,0.03320675,,,,,,,,,,,,,,,,,
21900,0.0798147,0.03571844,,,,,,,,,,,,,,,,,
21973,,,0.9916960597038268,0.0271127708256244,0.4854680093744215,0.9869307279586792,0.0443350337445735,0.2697396035735105,43793.0,0.9859400391578674,0.0472176373004913,0.257394332784352,43793.0,4572.100345849991,6203.16002869606,4572.100345849991,1630.0875265598297,0.3714566230773926,0.0
22000,0.1036769,0.030910654,,,,,,,,,,,,,,,,,
22100,0.08399801,0.034338813,,,,,,,,,,,,,,,,,
22200,0.087192796,0.03440803,,,,,,,,,,,,,,,,,
22300,0.07347309,0.03780078,,,,,,,,,,,,,,,,,
22400,0.08616126,0.03563333,,,,,,,,,,,,,,,,,
22500,0.070854224,0.033376813,,,,,,,,,,,,,,,,,
22600,0.09895159,0.033694204,,,,,,,,,,,,,,,,,
22700,0.07700345,0.032083318,,,,,,,,,,,,,,,,,
22800,0.078307405,0.030026648,,,,,,,,,,,,,,,,,
22900,0.07546961,0.03117668,,,,,,,,,,,,,,,,,
23000,0.07941627,0.033505462,,,,,,,,,,,,,,,,,
23100,0.10926551,0.033307802,,,,,,,,,,,,,,,,,
23128,,,0.9912074208259584,0.0287819728255271,0.4538782150338502,0.9867784976959229,0.0445270389318466,0.2608836610526087,43793.0,0.9858996272087096,0.0472427532076835,0.2626329188820472,43793.0,4812.204360723496,6520.318869590759,4812.204360723496,1707.0896158218384,0.3926372528076172,0.0
23200,0.08738041,0.030910723,,,,,,,,,,,,,,,,,
23300,0.084946655,0.033023708,,,,,,,,,,,,,,,,,
23400,0.079246156,0.034018483,,,,,,,,,,,,,,,,,
23500,0.07980418,0.031118251,,,,,,,,,,,,,,,,,
23600,0.08474588,0.031124769,,,,,,,,,,,,,,,,,
23700,0.08955547,0.033037394,,,,,,,,,,,,,,,,,
23800,0.11053363,0.033945855,,,,,,,,,,,,,,,,,
23900,0.07831952,0.032044392,,,,,,,,,,,,,,,,,
24000,0.11385812,0.035787113,,,,,,,,,,,,,,,,,
24100,0.09841692,0.032470707,,,,,,,,,,,,,,,,,
24200,0.08098056,0.031379525,,,,,,,,,,,,,,,,,
24269,,,0.9919978380203248,0.026389617472887,0.5011742525555465,0.9867545366287231,0.0443346798419952,0.270270667656304,43793.0,0.9860007166862488,0.0469928719103336,0.2651653551852129,43793.0,5052.228254318237,6831.660053730011,5052.228254318237,1778.355131149292,0.4137258529663086,0.0
24300,0.12435747,0.030570652,,,,,,,,,,,,,,,,,
24400,0.091475144,0.029883586,,,,,,,,,,,,,,,,,
24500,0.09207924,0.030886281,,,,,,,,,,,,,,,,,
24600,0.080180705,0.03341035,,,,,,,,,,,,,,,,,
24700,0.08166275,0.028895976,,,,,,,,,,,,,,,,,
24800,0.07017078,0.031364474,,,,,,,,,,,,,,,,,
24900,0.13176677,0.030441627,,,,,,,,,,,,,,,,,
25000,0.08521062,0.031919524,,,,,,,,,,,,,,,,,
25100,0.08899839,0.031077709,,,,,,,,,,,,,,,,,
25200,0.07664546,0.03030621,,,,,,,,,,,,,,,,,
25300,0.08312408,0.030118043,,,,,,,,,,,,,,,,,
25400,0.1018052,0.032058835,,,,,,,,,,,,,,,,,
25415,,,0.9915741086006165,0.0274193026125431,0.4664288710828543,0.98691326379776,0.0444420985877513,0.2751171298447432,43793.0,0.9860453605651855,0.0473380088806152,0.2656707282055037,43793.0,5292.303888320923,7150.31390953064,5292.303888320923,1856.87929224968,0.4338908195495605,0.0
25500,0.113085456,0.035853703,,,,,,,,,,,,,,,,,
25600,0.099402465,0.03203248,,,,,,,,,,,,,,,,,
25700,0.08854972,0.031979747,,,,,,,,,,,,,,,,,
25800,0.09374605,0.032241806,,,,,,,,,,,,,,,,,
25900,0.08052598,0.029607503,,,,,,,,,,,,,,,,,
26000,0.09772548,0.031301994,,,,,,,,,,,,,,,,,
26100,0.06963962,0.030317582,,,,,,,,,,,,,,,,,
26200,0.09678819,0.034199394,,,,,,,,,,,,,,,,,
26300,0.10121773,0.030174756,,,,,,,,,,,,,,,,,
26400,0.10016265,0.031812396,,,,,,,,,,,,,,,,,
26500,0.09404351,0.03203063,,,,,,,,,,,,,,,,,
26554,,,0.9919848442077636,0.0262174233794212,0.5102128645234757,0.9868884682655334,0.0444605648517608,0.2695539064010698,43793.0,0.9860537648200988,0.0473983772099018,0.256179155282119,43793.0,5532.311073303223,7465.774094820023,5532.311073303223,1932.279062986374,0.4567306041717529,0.0
26600,0.11422293,0.031979788,,,,,,,,,,,,,,,,,
26700,0.10126189,0.028677141,,,,,,,,,,,,,,,,,
26800,0.12491261,0.03225549,,,,,,,,,,,,,,,,,
26900,0.09549669,0.028898312,,,,,,,,,,,,,,,,,
27000,0.077300645,0.030017337,,,,,,,,,,,,,,,,,
27100,0.102332324,0.03117029,,,,,,,,,,,,,,,,,
27200,0.13592544,0.03238475,,,,,,,,,,,,,,,,,
27300,0.095942564,0.030054873,,,,,,,,,,,,,,,,,
27400,0.11122154,0.03116259,,,,,,,,,,,,,,,,,
27500,0.08975665,0.028810285,,,,,,,,,,,,,,,,,
27600,0.100194626,0.030591438,,,,,,,,,,,,,,,,,
27695,,,0.99189430475235,0.0261571314185857,0.5005074876569646,0.9869453310966492,0.0448078103363513,0.2779499341489269,43793.0,0.9860626459121704,0.04765410348773,0.267730828385846,43793.0,5772.38810634613,7781.683296918869,5772.38810634613,2008.0590863227844,0.4780416488647461,0.0
27700,0.08474371,0.028938977,,,,,,,,,,,,,,,,,
27800,0.0936152,0.030030988,,,,,,,,,,,,,,,,,
27900,0.08904158,0.030709,,,,,,,,,,,,,,,,,
28000,0.09764277,0.029032672,,,,,,,,,,,,,,,,,
28100,0.115892805,0.0307941,,,,,,,,,,,,,,,,,
28200,0.0937638,0.029481493,,,,,,,,,,,,,,,,,
28300,0.13131046,0.03142252,,,,,,,,,,,,,,,,,
28400,0.09489802,0.02912492,,,,,,,,,,,,,,,,,
28500,0.0796096,0.028442197,,,,,,,,,,,,,,,,,
28600,0.1152257,0.029491022,,,,,,,,,,,,,,,,,
28700,0.08962518,0.02925397,,,,,,,,,,,,,,,,,
28800,0.10919632,0.029786695,,,,,,,,,,,,,,,,,
28836,,,0.9921720623970032,0.025575591251254,0.5163926469386997,0.9868645071983336,0.0446915589272975,0.2716979827618794,43793.0,0.9860491752624512,0.047639425843954,0.2614478835303958,43793.0,6012.268154382706,8095.824626684189,6012.268154382706,2082.084881782532,0.6821310520172119,0.0
28900,0.10252527,0.02914442,,,,,,,,,,,,,,,,,
29000,0.08662663,0.027556682,,,,,,,,,,,,,,,,,
29100,0.16869417,0.031584356,,,,,,,,,,,,,,,,,
29200,0.124653034,0.029524181,,,,,,,,,,,,,,,,,
29300,0.106735475,0.029533815,,,,,,,,,,,,,,,,,
29400,0.09915463,0.03079536,,,,,,,,,,,,,,,,,
29500,0.12294409,0.03157996,,,,,,,,,,,,,,,,,
29600,0.09649582,0.03023895,,,,,,,,,,,,,,,,,
29700,0.108213775,0.031043878,,,,,,,,,,,,,,,,,
29800,0.11817409,0.029638963,,,,,,,,,,,,,,,,,
29900,0.09290861,0.029954346,,,,,,,,,,,,,,,,,
29968,,,0.99224591255188,0.0249411519616842,0.5425853272372012,0.9869444966316224,0.0450321733951568,0.2754553537754363,43793.0,0.98606938123703,0.0479095168411731,0.2620476067839077,43793.0,6252.336189508438,8410.829968690872,6252.336189508438,2156.9675409793854,0.7037742137908936,0.0
30000,0.10907943,0.030665508,,,,,,,,,,,,,,,,,
30100,0.12188176,0.033319473,,,,,,,,,,,,,,,,,
30200,0.10316343,0.029314727,,,,,,,,,,,,,,,,,
30300,0.10173315,0.027174981,,,,,,,,,,,,,,,,,
30400,0.105497874,0.029200181,,,,,,,,,,,,,,,,,
30500,0.11327301,0.029309878,,,,,,,,,,,,,,,,,
30600,0.10061985,0.029888459,,,,,,,,,,,,,,,,,
30700,0.10983311,0.0317507,,,,,,,,,,,,,,,,,
30800,0.10475903,0.028422195,,,,,,,,,,,,,,,,,
30900,0.118530035,0.027646186,,,,,,,,,,,,,,,,,
31000,0.10740805,0.028143363,,,,,,,,,,,,,,,,,
31100,0.1255978,0.029794501,,,,,,,,,,,,,,,,,
31110,,,0.9921659231185912,0.0253569073975086,0.5160200076079325,0.9869173169136048,0.044967345893383,0.2772726071781187,43793.0,0.9860209226608276,0.0481377318501472,0.2654290630703528,43793.0,6492.335484266281,8727.075937509537,6492.335484266281,2233.1618144512177,0.7262639999389648,0.0
31200,0.1348079,0.030741643,,,,,,,,,,,,,,,,,
31300,0.14011225,0.029336043,,,,,,,,,,,,,,,,,
31400,0.11699662,0.030236658,,,,,,,,,,,,,,,,,
31500,0.097551584,0.02776091,,,,,,,,,,,,,,,,,
31600,0.12672955,0.028117301,,,,,,,,,,,,,,,,,
31700,0.12323384,0.029038912,,,,,,,,,,,,,,,,,
31800,0.10222011,0.029277442,,,,,,,,,,,,,,,,,
31900,0.108513065,0.027453942,,,,,,,,,,,,,,,,,
32000,0.105173126,0.025349969,,,,,,,,,,,,,,,,,
32100,0.12012736,0.030225815,,,,,,,,,,,,,,,,,
32200,0.10191123,0.0262154,,,,,,,,,,,,,,,,,
32265,,,0.9928392767906188,0.0230823159217834,0.5608201979317712,0.9868758916854858,0.0453580878674984,0.2749898871313055,43793.0,0.9859960675239564,0.0486150495707988,0.2650522464492782,43793.0,6732.385160684586,9036.79120373726,6732.385160684586,2302.772072315216,0.7477900981903076,0.0
32300,0.10893892,0.027328694,,,,,,,,,,,,,,,,,
32400,0.12441789,0.026739534,,,,,,,,,,,,,,,,,
32500,0.119588315,0.028010143,,,,,,,,,,,,,,,,,
32600,0.11938647,0.0286529,,,,,,,,,,,,,,,,,
32700,0.11527806,0.028064009,,,,,,,,,,,,,,,,,
32800,0.118073896,0.026329277,,,,,,,,,,,,,,,,,
32900,0.0981197,0.026159842,,,,,,,,,,,,,,,,,
33000,0.12488578,0.029624324,,,,,,,,,,,,,,,,,
33100,0.11132248,0.028370092,,,,,,,,,,,,,,,,,
33200,0.11275536,0.028196469,,,,,,,,,,,,,,,,,
33300,0.10889277,0.025925016,,,,,,,,,,,,,,,,,
33399,,,0.992645025253296,0.0236460864543914,0.5588305319227906,0.9868202805519104,0.0457134842872619,0.2768562846424662,43793.0,0.9859421849250792,0.049022227525711,0.2571596943636725,43793.0,6972.485014915466,9354.476155757904,6972.485014915466,2380.3009345531464,0.7705228328704834,0.0
33400,0.11923681,0.028280549,,,,,,,,,,,,,,,,,
33500,0.14224212,0.029197576,,,,,,,,,,,,,,,,,
33600,0.12522762,0.028693343,,,,,,,,,,,,,,,,,
33700,0.099263884,0.026423363,,,,,,,,,,,,,,,,,
33800,0.13655229,0.027778206,,,,,,,,,,,,,,,,,
33900,0.12258061,0.028338801,,,,,,,,,,,,,,,,,
34000,0.10840948,0.0280383,,,,,,,,,,,,,,,,,
34100,0.12372538,0.028552605,,,,,,,,,,,,,,,,,
34200,0.15010956,0.029818425,,,,,,,,,,,,,,,,,
34300,0.11881777,0.026220504,,,,,,,,,,,,,,,,,
34400,0.11893113,0.027398562,,,,,,,,,,,,,,,,,
34500,0.124241784,0.029009555,,,,,,,,,,,,,,,,,
34541,,,0.9934738874435424,0.0211629513651132,0.6161199942723665,0.9868738651275636,0.0461131632328033,0.2743765303671988,43793.0,0.9860247373580932,0.0492357723414897,0.2669948823362092,43793.0,7212.458361625671,9668.971990823746,7212.458361625671,2454.7712993621826,0.7925794124603271,0.0
34600,0.13280533,0.027562223,,,,,,,,,,,,,,,,,
34700,0.12663375,0.02640367,,,,,,,,,,,,,,,,,
34800,0.21032014,0.029439569,,,,,,,,,,,,,,,,,
34900,0.14091446,0.026077904,,,,,,,,,,,,,,,,,
35000,0.12878002,0.026194569,,,,,,,,,,,,,,,,,
35100,0.15390724,0.027065301,,,,,,,,,,,,,,,,,
35200,0.1244211,0.026801022,,,,,,,,,,,,,,,,,
35300,0.11451276,0.025854746,,,,,,,,,,,,,,,,,
35400,0.12276532,0.024026647,,,,,,,,,,,,,,,,,
35500,0.14332849,0.027236493,,,,,,,,,,,,,,,,,
35600,0.14070249,0.026349993,,,,,,,,,,,,,,,,,
35686,,,0.9930078983306884,0.0226535256952047,0.5737253428167677,0.9867066144943236,0.0464496277272701,0.2684280875258214,43793.0,0.9857656955718994,0.0497827120125293,0.2572103943642826,43793.0,7452.527245044708,9983.207334041595,7452.527245044708,2528.884972810745,0.8157484531402588,0.0
35700,0.12961505,0.025757149,,,,,,,,,,,,,,,,,
35800,0.12581478,0.02623546,,,,,,,,,,,,,,,,,
35900,0.13654,0.02557271,,,,,,,,,,,,,,,,,
36000,0.15299314,0.027978126,,,,,,,,,,,,,,,,,
36100,0.13390498,0.025209218,,,,,,,,,,,,,,,,,
36200,0.1321357,0.027285354,,,,,,,,,,,,,,,,,
36300,0.14651133,0.026508743,,,,,,,,,,,,,,,,,
36400,0.13923705,0.02646563,,,,,,,,,,,,,,,,,
36500,0.14741065,0.024626715,,,,,,,,,,,,,,,,,
36600,0.14109807,0.025085201,,,,,,,,,,,,,,,,,
36700,0.15304217,0.025427846,,,,,,,,,,,,,,,,,
36800,0.15498962,0.028796323,,,,,,,,,,,,,,,,,
36830,,,0.9942060708999634,0.0190675389021635,0.6528371482783737,0.9868312478065492,0.0466800257563591,0.2752563377830114,43793.0,0.9858655333518982,0.0501648299396038,0.2595261167050926,43793.0,7692.550749540329,10296.32037472725,7692.550749540329,2601.9214272499084,0.8375959396362305,0.0
36900,0.16519111,0.027259635,,,,,,,,,,,,,,,,,
37000,0.13812329,0.024884237,,,,,,,,,,,,,,,,,
37100,0.15064517,0.02557818,,,,,,,,,,,,,,,,,
37200,0.15959287,0.02687582,,,,,,,,,,,,,,,,,
37300,0.14015877,0.026427576,,,,,,,,,,,,,,,,,
37400,0.1790034,0.02568659,,,,,,,,,,,,,,,,,
37500,0.17614588,0.027922885,,,,,,,,,,,,,,,,,
37600,0.1694726,0.027174765,,,,,,,,,,,,,,,,,
37700,0.17057973,0.027247986,,,,,,,,,,,,,,,,,
37800,0.16141513,0.026534252,,,,,,,,,,,,,,,,,
37900,0.15326898,0.02488838,,,,,,,,,,,,,,,,,
37998,,,0.993248462677002,0.0214361641556024,0.5860496611746411,0.9866778254508972,0.0474963970482349,0.2689721701988197,43793.0,0.9858364462852478,0.0506793186068534,0.2611051038809194,43793.0,7932.556721925735,10609.09031033516,7932.556721925735,2674.633913755417,0.8605086803436279,0.0
38000,0.1565074,0.025301492,,,,,,,,,,,,,,,,,
38100,0.17042232,0.026387354,,,,,,,,,,,,,,,,,
38200,0.13321768,0.024560295,,,,,,,,,,,,,,,,,
38300,0.13945489,0.026426995,,,,,,,,,,,,,,,,,
38400,0.1629161,0.026366204,,,,,,,,,,,,,,,,,
38500,0.16573115,0.026854362,,,,,,,,,,,,,,,,,
38600,0.15038596,0.022973018,,,,,,,,,,,,,,,,,
38700,0.15348612,0.026031937,,,,,,,,,,,,,,,,,
38800,0.15842867,0.025719171,,,,,,,,,,,,,,,,,
38900,0.14699034,0.02432245,,,,,,,,,,,,,,,,,
39000,0.14862293,0.026664767,,,,,,,,,,,,,,,,,
39100,0.15322794,0.022936657,,,,,,,,,,,,,,,,,
39142,,,0.994517147541046,0.0178197883069515,0.6816268024683101,0.9867541193962096,0.0478574335575103,0.2713309631417209,43793.0,0.9858503341674804,0.0517433322966098,0.2573115381451356,43793.0,8172.640521526337,10924.717975616457,8172.640521526337,2750.118423938751,0.884434700012207,0.0
39200,0.14669733,0.02330746,,,,,,,,,,,,,,,,,
39300,0.14705327,0.022777969,,,,,,,,,,,,,,,,,
39400,0.16395083,0.025664434,,,,,,,,,,,,,,,,,
39500,0.15728953,0.023876037,,,,,,,,,,,,,,,,,
39600,0.15636128,0.024031995,,,,,,,,,,,,,,,,,
39700,0.16581249,0.024396842,,,,,,,,,,,,,,,,,
39800,0.18350153,0.02534254,,,,,,,,,,,,,,,,,
39900,0.1714533,0.025966365,,,,,,,,,,,,,,,,,
40000,0.16324948,0.02108434,,,,,,,,,,,,,,,,,
40100,0.15682915,0.026559481,,,,,,,,,,,,,,,,,
40200,0.15799087,0.023063192,,,,,,,,,,,,,,,,,
40287,,,0.99378901720047,0.0197715833783149,0.6244414242355489,0.9865612983703612,0.0487802438437938,0.2675776148297065,43793.0,0.9857273697853088,0.0524610430002212,0.2554327506250997,43793.0,8412.61855840683,11236.807277679443,8412.61855840683,2822.176558494568,0.9071769714355468,0.0
40300,0.16511706,0.023619749,,,,,,,,,,,,,,,,,
40400,0.16365914,0.024342041,,,,,,,,,,,,,,,,,
40500,0.17747325,0.025201842,,,,,,,,,,,,,,,,,
40600,0.17251569,0.023692725,,,,,,,,,,,,,,,,,
40700,0.22494943,0.02333476,,,,,,,,,,,,,,,,,
40800,0.17219143,0.022989389,,,,,,,,,,,,,,,,,
40900,0.15884417,0.022027949,,,,,,,,,,,,,,,,,
41000,0.17421879,0.024168584,,,,,,,,,,,,,,,,,
41100,0.17914508,0.02239004,,,,,,,,,,,,,,,,,
41200,0.16982989,0.02258388,,,,,,,,,,,,,,,,,
41300,0.162896,0.02405734,,,,,,,,,,,,,,,,,
41400,0.19997999,0.026217846,,,,,,,,,,,,,,,,,
41428,,,0.9951443076133728,0.0161019265651702,0.7086035571904423,0.9865174293518066,0.0497605390846729,0.2636770534826338,43793.0,0.9856621026992798,0.0533424243330955,0.253602397323489,43793.0,8652.705162286758,11555.584413528442,8652.705162286758,2900.8102271556854,0.9302163124084472,0.0
41500,0.194363,0.0252775,,,,,,,,,,,,,,,,,
41600,0.16650386,0.021373043,,,,,,,,,,,,,,,,,
41700,0.16477455,0.021908296,,,,,,,,,,,,,,,,,
41800,0.18895873,0.023909824,,,,,,,,,,,,,,,,,
41900,0.18156211,0.023078207,,,,,,,,,,,,,,,,,
42000,0.18181014,0.023776984,,,,,,,,,,,,,,,,,
42100,0.19300883,0.023459129,,,,,,,,,,,,,,,,,
42200,0.15953833,0.022719901,,,,,,,,,,,,,,,,,
42300,0.22433344,0.025224902,,,,,,,,,,,,,,,,,
42400,0.16394205,0.02311895,,,,,,,,,,,,,,,,,
42500,0.18117058,0.023740329,,,,,,,,,,,,,,,,,
42575,,,0.9942857027053832,0.0180240180343389,0.6771790066359358,0.9865283966064452,0.0504665486514568,0.2637375602827192,43793.0,0.985702097415924,0.0543122477829456,0.2537504972470193,43793.0,8892.839651107788,11870.986486673355,8892.839651107788,2976.023154258728,0.954481601715088,0.0
42600,0.18720599,0.0219869,,,,,,,,,,,,,,,,,
42700,0.17023723,0.022210052,,,,,,,,,,,,,,,,,
42800,0.19411044,0.0235229,,,,,,,,,,,,,,,,,
42900,0.16590013,0.022019474,,,,,,,,,,,,,,,,,
43000,0.18317889,0.02224718,,,,,,,,,,,,,,,,,
43100,0.17971487,0.022308372,,,,,,,,,,,,,,,,,
43200,0.19279706,0.023365118,,,,,,,,,,,,,,,,,
43300,0.1981853,0.02205954,,,,,,,,,,,,,,,,,
43400,0.17553878,0.021396277,,,,,,,,,,,,,,,,,
43500,0.16790628,0.021190545,,,,,,,,,,,,,,,,,
43600,0.19270036,0.022933982,,,,,,,,,,,,,,,,,
43700,0.18734811,0.01994139,,,,,,,,,,,,,,,,,
43708,,,0.995294451713562,0.0153866009786725,0.7130191115419166,0.9864017367362976,0.051244419068098,0.2582161953195028,43793.0,0.9855639338493348,0.0553254261612892,0.2517867768552215,43793.0,9132.895245552065,12189.200589179993,9132.895245552065,3054.126108646393,0.9808549880981444,0.0
43800,0.17562355,0.021184154,,,,,,,,,,,,,,,,,
43900,0.16874932,0.020388085,,,,,,,,,,,,,,,,,
44000,0.18391341,0.022506015,,,,,,,,,,,,,,,,,
44100,0.20659183,0.021140791,,,,,,,,,,,,,,,,,
44200,0.19732097,0.020794703,,,,,,,,,,,,,,,,,
44300,0.258841,0.023891075,,,,,,,,,,,,,,,,,
44400,0.19915552,0.0200448,,,,,,,,,,,,,,,,,
44500,0.18819582,0.021922853,,,,,,,,,,,,,,,,,
44600,0.19885814,0.022595735,,,,,,,,,,,,,,,,,
44700,0.18299113,0.020288669,,,,,,,,,,,,,,,,,
44800,0.18059836,0.021882698,,,,,,,,,,,,,,,,,
44847,,,0.9947444796562196,0.0166662018746137,0.6781362395343611,0.9863173365592957,0.0518257394433021,0.2589535187118474,43793.0,0.985499918460846,0.0556478388607502,0.2522212148848444,43793.0,9373.012095928192,12501.501206874847,9373.012095928192,3126.251916408539,1.0073065757751465,0.0
44900,0.21154287,0.02220428,,,,,,,,,,,,,,,,,
45000,0.26377282,0.023978041,,,,,,,,,,,,,,,,,
45100,0.18585016,0.022375157,,,,,,,,,,,,,,,,,
45200,0.19746749,0.022816582,,,,,,,,,,,,,,,,,
45300,0.2103646,0.021435391,,,,,,,,,,,,,,,,,
45400,0.18501018,0.020510525,,,,,,,,,,,,,,,,,
45500,0.17575057,0.018873809,,,,,,,,,,,,,,,,,
45600,0.19050518,0.019692145,,,,,,,,,,,,,,,,,
45700,0.21325189,0.023263773,,,,,,,,,,,,,,,,,
45800,0.20768772,0.020322397,,,,,,,,,,,,,,,,,
45900,0.21725658,0.02131182,,,,,,,,,,,,,,,,,
46000,,,0.9954876899719238,0.0147564653307199,0.7255885965050961,0.9863587021827698,0.0523311905562877,0.2621785294661072,43793.0,0.9854245185852052,0.0565007105469703,0.2469669993461553,43793.0,9613.08573937416,12821.671533346176,9613.08573937416,3206.295773506165,1.0298819541931152,0.0
46000,0.18495439,0.01988828,,,,,,,,,,,,,,,,,
46100,0.17681429,0.017424384,,,,,,,,,,,,,,,,,
46200,0.19800961,0.021377398,,,,,,,,,,,,,,,,,
46300,0.17580387,0.020881277,,,,,,,,,,,,,,,,,
46400,0.21820171,0.021737695,,,,,,,,,,,,,,,,,
46500,0.18836018,0.019924222,,,,,,,,,,,,,,,,,
46600,0.17972267,0.02048087,,,,,,,,,,,,,,,,,
46700,0.1735658,0.020151792,,,,,,,,,,,,,,,,,
46800,0.19243942,0.019788655,,,,,,,,,,,,,,,,,
46900,0.19632393,0.01879102,,,,,,,,,,,,,,,,,
47000,0.19468652,0.01934276,,,,,,,,,,,,,,,,,
47100,0.21079154,0.019806422,,,,,,,,,,,,,,,,,
47148,,,0.9951308369636536,0.0154957035556435,0.7276559388006254,0.986242651939392,0.0530782826244831,0.2546053847921652,43793.0,0.9853609204292296,0.0572895184159278,0.2439402641633936,43793.0,9853.194214105606,13136.681802988052,9853.194214105606,3281.14055609703,1.05521559715271,0.0
47200,0.18758757,0.019852119,,,,,,,,,,,,,,,,,
47300,0.20876583,0.020898651,,,,,,,,,,,,,,,,,
47400,0.18957165,0.020224568,,,,,,,,,,,,,,,,,
47500,0.20867245,0.020035937,,,,,,,,,,,,,,,,,
47600,0.20435557,0.019379446,,,,,,,,,,,,,,,,,
47700,0.19754022,0.019844614,,,,,,,,,,,,,,,,,
47800,0.19934915,0.019973954,,,,,,,,,,,,,,,,,
47900,0.21035771,0.021304978,,,,,,,,,,,,,,,,,
48000,0.18680489,0.020752165,,,,,,,,,,,,,,,,,
48100,0.2144074,0.019397633,,,,,,,,,,,,,,,,,
48200,0.18904996,0.018868214,,,,,,,,,,,,,,,,,
48292,,,0.995542585849762,0.0144872814416885,0.7343132507814407,0.9862040877342224,0.0533320605754852,0.2578803043521914,43793.0,0.985332727432251,0.0572302266955375,0.2495107846766161,43793.0,10093.16878080368,13448.258479595184,10093.16878080368,3352.690266609192,1.0784709453582764,0.0
48300,0.18649307,0.019743063,,,,,,,,,,,,,,,,,
48400,0.19734272,0.019803403,,,,,,,,,,,,,,,,,
48500,0.20282538,0.019936435,,,,,,,,,,,,,,,,,
48600,0.20894371,0.020427985,,,,,,,,,,,,,,,,,
48700,0.19467773,0.019052627,,,,,,,,,,,,,,,,,
48800,0.19632971,0.021040436,,,,,,,,,,,,,,,,,
48900,0.20783423,0.020357402,,,,,,,,,,,,,,,,,
49000,0.21050334,0.019520562,,,,,,,,,,,,,,,,,
49100,0.1936998,0.019024448,,,,,,,,,,,,,,,,,
49200,0.24561454,0.020951431,,,,,,,,,,,,,,,,,
49300,0.22696063,0.01909274,,,,,,,,,,,,,,,,,
49400,0.20023432,0.021516047,,,,,,,,,,,,,,,,,
49429,,,0.99613755941391,0.013219335116446,0.7466779718940627,0.9862807989120485,0.0534588620066642,0.2571797655138536,43793.0,0.9853950142860411,0.0577340684831142,0.245223329161902,43793.0,10333.258596420288,13766.4024746418,10333.258596420288,3430.686639547348,1.1023828983306885,0.0
49500,0.18296237,0.019435529,,,,,,,,,,,,,,,,,
49600,0.21355624,0.020850329,,,,,,,,,,,,,,,,,
49700,0.18608902,0.020574313,,,,,,,,,,,,,,,,,
49800,0.18206728,0.019614378,,,,,,,,,,,,,,,,,
49900,0.18617903,0.020350039,,,,,,,,,,,,,,,,,
50000,0.2264987,0.02186749,,,,,,,,,,,,,,,,,
50100,0.21315898,0.019762713,,,,,,,,,,,,,,,,,
50200,0.19261684,0.020813642,,,,,,,,,,,,,,,,,
50300,0.21768436,0.021644786,,,,,,,,,,,,,,,,,
50400,0.19835784,0.019463554,,,,,,,,,,,,,,,,,
50500,0.17756543,0.017671779,,,,,,,,,,,,,,,,,
50560,,,0.9956316947937012,0.0142925735563039,0.7298499271560117,0.9862515330314636,0.0535497106611728,0.259421452879091,43793.0,0.9853963255882264,0.0575255043804645,0.2461837680598807,43793.0,10573.349601268768,14080.6350376606,10573.349601268768,3504.773469686508,1.127025127410889,0.0
50600,0.22960302,0.020758452,,,,,,,,,,,,,,,,,
50700,0.23481745,0.021275021,,,,,,,,,,,,,,,,,
50800,0.20343503,0.019906232,,,,,,,,,,,,,,,,,
50900,0.17725539,0.019655019,,,,,,,,,,,,,,,,,
51000,0.19215053,0.019753072,,,,,,,,,,,,,,,,,
51100,0.23357195,0.021376038,,,,,,,,,,,,,,,,,
51200,0.20681758,0.02003269,,,,,,,,,,,,,,,,,
51300,0.21421768,0.021043694,,,,,,,,,,,,,,,,,
51400,0.2353313,0.020444645,,,,,,,,,,,,,,,,,
51500,0.21536428,0.021561077,,,,,,,,,,,,,,,,,
51600,0.21251799,0.02096868,,,,,,,,,,,,,,,,,
51687,,,0.9961116313934326,0.0132093932479619,0.7614514545555104,0.9863120317459106,0.0535092279314994,0.2586384420729237,43793.0,0.9854363203048706,0.0576342642307281,0.2462864037886279,43793.0,10813.460890769958,14395.821115970612,10813.460890769958,3579.787850379944,1.1514432430267334,0.0
51700,0.20043984,0.02168622,,,,,,,,,,,,,,,,,
51800,0.20567422,0.019924797,,,,,,,,,,,,,,,,,
51900,0.21568829,0.019064311,,,,,,,,,,,,,,,,,
52000,0.1884238,0.020035798,,,,,,,,,,,,,,,,,
52100,0.22039516,0.020399269,,,,,,,,,,,,,,,,,
52200,0.20493199,0.021080634,,,,,,,,,,,,,,,,,
52300,0.18597119,0.018613521,,,,,,,,,,,,,,,,,
52400,0.19829059,0.019549515,,,,,,,,,,,,,,,,,
52500,0.20650269,0.019864192,,,,,,,,,,,,,,,,,
52600,0.20750082,0.020240793,,,,,,,,,,,,,,,,,
52700,0.20080975,0.020855071,,,,,,,,,,,,,,,,,
52800,0.20185475,0.02036535,,,,,,,,,,,,,,,,,
52827,,,0.9961345195770264,0.0132433548569679,0.7565695031180117,0.9863136410713196,0.0535066537559032,0.258475274639742,43793.0,0.9854371547698976,0.0576213262975215,0.2461446957115571,43793.0,11053.459902524948,14708.34685754776,11053.459902524948,3652.258996486664,1.1765832901000977,0.0
52900,0.1946009,0.01905672,,,,,,,,,,,,,,,,,
53000,0.18970785,0.019285606,,,,,,,,,,,,,,,,,
53100,0.18864718,0.019774426,,,,,,,,,,,,,,,,,
53200,0.22841997,0.02172165,,,,,,,,,,,,,,,,,
53300,0.20509891,0.018396344,,,,,,,,,,,,,,,,,
53400,0.24119256,0.02070961,,,,,,,,,,,,,,,,,
53500,0.2072457,0.020554412,,,,,,,,,,,,,,,,,
53600,0.20715597,0.020835832,,,,,,,,,,,,,,,,,
53700,0.17761424,0.019678224,,,,,,,,,,,,,,,,,
53800,0.17854637,0.019557187,,,,,,,,,,,,,,,,,
53900,0.24855492,0.020568911,,,,,,,,,,,,,,,,,
53968,,,0.9959548711776732,0.0135565157979726,0.7565405275635215,0.9863136410713196,0.0535066537559032,0.2585767907216017,43793.0,0.9854371547698976,0.0576213262975215,0.2460123162792634,43793.0,11293.516966342926,15023.750236988068,11293.516966342926,3727.549740791321,1.2030248641967771,0.0
54000,0.17593546,0.018777309,,,,,,,,,,,,,,,,,
54100,0.18850665,0.017857913,,,,,,,,,,,,,,,,,
54200,0.20559318,0.019899998,,,,,,,,,,,,,,,,,
54300,0.20436664,0.020052113,,,,,,,,,,,,,,,,,
54400,0.19031608,0.020178722,,,,,,,,,,,,,,,,,
54500,0.19982314,0.020605888,,,,,,,,,,,,,,,,,
54600,0.22752094,0.021167666,,,,,,,,,,,,,,,,,
54700,0.19044423,0.01942978,,,,,,,,,,,,,,,,,
54800,0.18752638,0.018371945,,,,,,,,,,,,,,,,,
54900,0.19225742,0.02026675,,,,,,,,,,,,,,,,,
55000,0.1964152,0.020014895,,,,,,,,,,,,,,,,,
55087,,,0.9959933757781982,0.0134562347084283,0.7487577703781363,0.9863136410713196,0.0535066537559032,0.2584347517802553,43793.0,0.9854371547698976,0.0576213262975215,0.2460928553232199,43793.0,11533.60840535164,15340.850167274475,11533.60840535164,3804.499694108963,1.227365016937256,0.0
55100,0.20742288,0.018391715,,,,,,,,,,,,,,,,,
55200,0.18444194,0.017959308,,,,,,,,,,,,,,,,,
55300,0.22301899,0.021813048,,,,,,,,,,,,,,,,,
55400,0.20901693,0.018703489,,,,,,,,,,,,,,,,,
55500,0.21344274,0.019967902,,,,,,,,,,,,,,,,,
55600,0.18965328,0.019511968,,,,,,,,,,,,,,,,,
55700,0.20321563,0.0173811,,,,,,,,,,,,,,,,,
55800,0.1873191,0.019810213,,,,,,,,,,,,,,,,,
55900,0.20407516,0.019915111,,,,,,,,,,,,,,,,,
56000,0.21760154,0.020176975,,,,,,,,,,,,,,,,,
56100,0.22806132,0.019227564,,,,,,,,,,,,,,,,,
56200,0.26111922,0.022488074,,,,,,,,,,,,,,,,,
56235,,,0.9959317445755004,0.0135823395103216,0.7446769976771346,0.9863136410713196,0.0535066537559032,0.2584587896799103,43793.0,0.9854371547698976,0.0576213262975215,0.246060350537443,43793.0,11773.617523431778,15653.805370807648,11773.617523431778,3877.38929104805,1.253816843032837,0.0
56300,0.21187001,0.021467721,,,,,,,,,,,,,,,,,
56400,0.1935006,0.02003117,,,,,,,,,,,,,,,,,
56500,0.18170562,0.020484107,,,,,,,,,,,,,,,,,
56600,0.1775374,0.018472739,,,,,,,,,,,,,,,,,
56700,0.22688131,0.021821076,,,,,,,,,,,,,,,,,
56800,0.20548502,0.019936314,,,,,,,,,,,,,,,,,
56900,0.21357374,0.020841092,,,,,,,,,,,,,,,,,
57000,0.21329255,0.019281046,,,,,,,,,,,,,,,,,
57100,0.21111922,0.020041669,,,,,,,,,,,,,,,,,
57200,0.18291585,0.019257976,,,,,,,,,,,,,,,,,
57300,0.2107417,0.019457167,,,,,,,,,,,,,,,,,
57371,,,,,,,,,,,,,,12013.658044815063,,,,,0.0
